age,age_uncertainty_older,age_uncertainty_younger,co2,co2_uncertainty_higher,co2_uncertainty_lower,modern_latitude,modern_longitude
55709,,400,652,170,134,32.65167,158.50593
55716,,400,641,165,120,32.65167,158.50593
55739,,400,667,167,128,32.65167,158.50593
55782,,400,688,126,119,32.65167,158.50593
55787,,400,706,197,149,32.65167,158.50593
55788,,400,772,162,136,32.65167,158.50593
55827,,400,883,273,218,32.65167,158.50593
55844,,400,1079,504,271,32.65167,158.50593
55850,,400,1310,622,365,32.65167,158.50593
55853,,400,1595,640,394,32.65167,158.50593
55872,,400,1883,697,450,32.65167,158.50593
55872,,400,1883,1054,685,32.65167,158.50593
55890,,400,1741,610,408,32.65167,158.50593
55913,,400,2085,1058,599,32.65167,158.50593
55924,,400,2266,1066,631,32.65167,158.50593
55924,,400,2272,1244,727,32.65167,158.50593
55924,,400,2226,1401,793,32.65167,158.50593
55941,,400,694,118,149,32.65167,158.50593
55945,,400,668,149,169,32.65167,158.50593
55949,,400,665,105,134,32.65167,158.50593
55951,,400,640,164,159,32.65167,158.50593
55959,,400,633,97,125,32.65167,158.50593
6.18,,,253.31,4.46,16.23,0.31972,159.36889
14.25,,,203.79,11.12,12.84,0.31972,159.36889
27.86,,,187.96,3.95,12.18,0.31972,159.36889
36.85,,,196.55,5.16,11.25,0.31972,159.36889
51.53,,,200.85,8.36,9.94,0.31972,159.36889
90.03,,,223.53,4.25,12.82,0.31972,159.36889
90.85,,,244.41,6.15,12.27,0.31972,159.36889
105.7,,,266.6,12.22,8.58,0.31972,159.36889
111.1,,,263.49,12.26,9,0.31972,159.36889
128.22,,,220.15,5.54,12.69,0.31972,159.36889
146.2,,,201.41,7.36,8.53,0.31972,159.36889
163.93,,,202.49,8.37,7.92,0.31972,159.36889
198.46,,,224.44,8.21,9.26,0.31972,159.36889
212.49,,,243.43,9.05,9.34,0.31972,159.36889
243.96,,,204.53,9.84,7.95,0.31972,159.36889
246.94,,,191.24,10.92,9.73,0.31972,159.36889
252.53,,,238.86,11.52,7.08,0.31972,159.36889
254.81,,,188.81,9.5,8.38,0.31972,159.36889
259.28,,,235.25,13.51,8.65,0.31972,159.36889
266.6,,,188.04,5.67,11.49,0.31972,159.36889
297.04,,,224.52,6.93,12.87,0.31972,159.36889
316,,,265.72,15.46,10.07,0.31972,159.36889
329.52,,,230.18,11.82,8.82,0.31972,159.36889
360.18,,,196.64,8.73,8.1,0.31972,159.36889
366.82,,,206.67,7.6,12.82,0.31972,159.36889
373.6,,,274.59,14.9,9.68,0.31972,159.36889
379.26,,,217.56,10.46,7.49,0.31972,159.36889
423.56,,,270.49,20.23,13.4,0.31972,159.36889
426.1,,,210.27,14.45,10.6,0.31972,159.36889
529.43,,,239.13,11.85,9.53,0.31972,159.36889
541.26,,,219.1,9.33,7.77,0.31972,159.36889
581.2,,,274.76,13.46,9.98,0.31972,159.36889
588.33,,,227.16,10.56,8.84,0.31972,159.36889
613.16,,,247.32,8.78,11.96,0.31972,159.36889
616.96,,,254.89,12.28,9.79,0.31972,159.36889
635.5,,,203.15,13.75,10.39,0.31972,159.36889
670.1,,,223.84,11.39,9.79,0.31972,159.36889
700.1,,,250.3,10.14,8.75,0.31972,159.36889
710.1,,,233.13,10.68,9.33,0.31972,159.36889
720.1,,,211.5,12.05,9.74,0.31972,159.36889
728,,,214.48,10.34,8.96,0.31972,159.36889
784.87,,,228.31,10.91,8.8,0.31972,159.36889
800.95,,,232.87,11.83,10.36,0.31972,159.36889
849.84,,,268.26,13.82,11.52,0.31972,159.36889
859.88,,,265.55,14.21,11.96,0.31972,159.36889
863.91,,,273.7,15.8,13.06,0.31972,159.36889
872.5,,,305.36,23.23,18.33,0.31972,159.36889
885.77,,,223.08,14.37,12.79,0.31972,159.36889
903.54,,,181.68,10.98,8.06,0.31972,159.36889
922.77,,,246.17,16.22,14.52,0.31972,159.36889
932.51,,,232.48,12.24,11.36,0.31972,159.36889
941.81,,,255.27,14.34,12.83,0.31972,159.36889
949.65,,,258.34,9.3,10.71,0.31972,159.36889
953.2,,,229.25,11.96,10.75,0.31972,159.36889
961.49,,,295.67,18.38,15.39,0.31972,159.36889
970.08,,,252.62,10.59,10.38,0.31972,159.36889
980.92,,,259.77,15.56,14.2,0.31972,159.36889
1012.33,,,209.24,9.05,11.28,0.31972,159.36889
1032.93,,,280.41,17.54,15.16,0.31972,159.36889
1060.14,,,261.47,13.34,11.75,0.31972,159.36889
1079.39,,,255.73,11.62,10.98,0.31972,159.36889
1093.39,,,269.36,14.47,12.82,0.31972,159.36889
1108.19,,,263.05,16.16,14.07,0.31972,159.36889
1113.21,,,255.17,13.87,12.72,0.31972,159.36889
1138.6,,,280.43,28.89,22.99,0.31972,159.36889
1158.43,,,244.18,12.62,11.49,0.31972,159.36889
1172.41,,,256.9,11.06,10.19,0.31972,159.36889
1183.97,,,258.79,13.06,11.7,0.31972,159.36889
1220.05,,,292.76,21.49,17.29,0.31972,159.36889
1236.24,,,260.83,15.47,13.49,0.31972,159.36889
1247.34,,,277.14,17.73,14.83,0.31972,159.36889
1270.01,,,260.6,13.19,11.29,0.31972,159.36889
1282.96,,,239.82,9.01,10.07,0.31972,159.36889
1294.52,,,226.39,9.94,8.32,0.31972,159.36889
1297.3,,,243.17,11.78,10.23,0.31972,159.36889
1301.92,,,249.9,13.8,11.08,0.31972,159.36889
1307.47,,,280.57,15.57,12.47,0.31972,159.36889
1316.26,,,281.01,15.97,12.71,0.31972,159.36889
1326.44,,,242.35,9.8,8.45,0.31972,159.36889
1334.77,,,271.02,14.95,12.31,0.31972,159.36889
1343.6,,,309.18,20.67,15.33,0.31972,159.36889
1352.85,,,311.37,22.69,16.65,0.31972,159.36889
1358.77,,,290.05,17.61,13.41,0.31972,159.36889
1364.19,,,233.47,7.33,10.96,0.31972,159.36889
1371.31,,,277.39,14.49,11.33,0.31972,159.36889
1381.95,,,325.93,21.86,15.31,0.31972,159.36889
1391.33,,,308.66,16.52,12.34,0.31972,159.36889
1401.2,,,310.84,26.68,19.91,0.31972,159.36889
1410.08,,,280.89,17.2,13.08,0.31972,159.36889
1420.54,,,310.85,23.27,16.57,0.31972,159.36889
1426.13,,,247.42,15.45,11.93,0.31972,159.36889
1429.91,,,230.04,13.48,10.05,0.31972,159.36889
1436.94,,,346.85,26.49,18.63,0.31972,159.36889
1444.71,,,253.73,14,11.16,0.31972,159.36889
1451.37,,,282.46,16.78,12.48,0.31972,159.36889
1471.25,,,301.22,17.55,12.89,0.31972,159.36889
1479.09,,,294.14,19.66,14.9,0.31972,159.36889
1486.5,,,276.39,15.72,11.64,0.31972,159.36889
1494.54,,,267.79,13.26,9.97,0.31972,159.36889
1499.12,,,263.02,13.16,9.97,0.31972,159.36889
1507.84,,,258.19,13.45,10.82,0.31972,159.36889
1518.2,,,282.48,15.94,12.02,0.31972,159.36889
1530.04,,,237.71,10.26,8.43,0.31972,159.36889
1537.93,,,273.37,14.87,11.05,0.31972,159.36889
1549.78,,,258.07,13.87,10.91,0.31972,159.36889
1559.64,,,275.12,16.78,12.49,0.31972,159.36889
1569.51,,,268.92,16.03,12.4,0.31972,159.36889
1573.95,,,213.22,13.1,11.38,0.31972,159.36889
1584.81,,,272.4,16.94,12.89,0.31972,159.36889
1596.65,,,279.79,17.1,12.86,0.31972,159.36889
1601.95,,,280.82,16.24,11.4,0.31972,159.36889
1604.73,,,262.6,14.56,10.92,0.31972,159.36889
1612.64,,,194.48,10.7,10.23,0.31972,159.36889
1622.43,,,259.65,14.87,11.86,0.31972,159.36889
1655.25,,,295.17,18.4,12.23,0.31972,159.36889
1658.46,,,258.34,16.15,13.34,0.31972,159.36889
1664.51,,,232.58,11.57,9.6,0.31972,159.36889
1670.14,,,230.75,10.84,9.12,0.31972,159.36889
1680.43,,,279.18,17.36,12.23,0.31972,159.36889
1683.75,,,237.07,14.95,13.56,0.31972,159.36889
1693.28,,,232.53,13.72,12.08,0.31972,159.36889
1709.75,,,249.07,12.78,10.37,0.31972,159.36889
1720.6,,,247.49,13.4,11.5,0.31972,159.36889
1729.98,,,281.54,17.03,12.14,0.31972,159.36889
1740.34,,,267.4,15.94,13.13,0.31972,159.36889
1744.78,,,238.33,11.77,10.23,0.31972,159.36889
1757.61,,,277.08,16.56,11.74,0.31972,159.36889
1767.48,,,265.91,15.09,11.86,0.31972,159.36889
1779.31,,,228.7,13.02,12.31,0.31972,159.36889
1789.51,,,249.56,16.1,14.79,0.31972,159.36889
1800.4,,,253.77,15.56,13.89,0.31972,159.36889
1809.25,,,274.81,19.14,15.43,0.31972,159.36889
1815.19,,,263.63,16.32,14.33,0.31972,159.36889
1817.27,,,228.67,13.83,13.3,0.31972,159.36889
1824.07,,,221.51,9.65,9.62,0.31972,159.36889
1830,,,264.06,15.11,13.24,0.31972,159.36889
1835.92,,,229.62,12.38,11.56,0.31972,159.36889
1842.17,,,261.92,15.18,13.54,0.31972,159.36889
1851,,,266.59,15.97,14.39,0.31972,159.36889
1861.44,,,248.59,12.52,11.58,0.31972,159.36889
1904.52,,,238.31,9.92,9.79,0.31972,159.36889
1920.65,,,265.48,14.21,13.22,0.31972,159.36889
2017.33,,,276.7,15.86,14.7,0.31972,159.36889
2035.91,,,273.25,12.71,12.09,0.31972,159.36889
2055.34,,,237.57,10.18,10.46,0.31972,159.36889
2160.96,,,212.87,9.24,12.49,0.31972,159.36889
2191.97,,,201.94,7.98,13.54,0.31972,159.36889
2199.38,,,250,12.26,12.65,0.31972,159.36889
2218.03,,,227.8,15.16,16.17,0.31972,159.36889
2233.61,,,233.4,11.33,12.36,0.31972,159.36889
2251.71,,,265.49,13.59,13.15,0.31972,159.36889
2256.42,,,231.55,8.27,14.99,0.31972,159.36889
2259.85,,,231.14,10.74,12.35,0.31972,159.36889
2263.92,,,235.88,8.17,17.78,0.31972,159.36889
2263.92,,,225.29,12.36,13.7,0.31972,159.36889
2268.73,,,250.5,13.51,13.71,0.31972,159.36889
2283.53,,,222.64,8.32,15.13,0.31972,159.36889
2294.63,,,224.53,13.79,14.99,0.31972,159.36889
2299.82,,,223.99,10.66,12.39,0.31972,159.36889
2316.84,,,268.67,13.9,13.36,0.31972,159.36889
2321.62,,,237.22,12.11,13.01,0.31972,159.36889
2346.21,,,261.43,16.35,16.18,0.31972,159.36889
2350.94,,,204.6,12.8,14.03,0.31972,159.36889
2357.97,,,232,17.42,17.92,0.31972,159.36889
2373.14,,,219.8,13.11,13.97,0.31972,159.36889
2379.78,,,231.24,12.34,13.28,0.31972,159.36889
2380.66,,,229.56,13.61,14.75,0.31972,159.36889
2504.12,,,205,11.47,13.81,0.31972,159.36889
2674.01,,,216.95,9.49,15.71,0.31972,159.36889
2746.38,,,200.46,11.22,15.1,0.31972,159.36889
2857.09,,,181.36,9.03,16.92,0.31972,159.36889
3007.56,,,214.43,11.8,15.03,0.31972,159.36889
3033.9,,,235.08,11.92,14.16,0.31972,159.36889
3194,,,239.88,17.21,17.98,0.31972,159.36889
3265.84,,,211.09,11.25,15.11,0.31972,159.36889
3316.63,,,255.02,10.62,21.24,0.31972,159.36889
3321.9,,,266.66,7.59,17.42,0.31972,159.36889
3326.9,,,228.23,12.04,14.21,0.31972,159.36889
3337.72,,,248.13,10.17,20.68,0.31972,159.36889
3343.27,,,265.8,8.47,17.53,0.31972,159.36889
3348.27,,,237.19,8.3,18.32,0.31972,159.36889
3354.09,,,243.94,8.85,19.48,0.31972,159.36889
3362.97,,,278.07,8.79,16.75,0.31972,159.36889
3368.22,,,271.47,9.29,20.15,0.31972,159.36889
3373.27,,,288.69,8.36,19.08,0.31972,159.36889
3382.88,,,310.17,10.35,14.64,0.31972,159.36889
3387.82,,,299.13,14.09,13.86,0.31972,159.36889
3392.76,,,304.87,13.29,12.96,0.31972,159.36889
3395.72,,,275.79,11.72,14.25,0.31972,159.36889
3400.65,,,265.1,12.28,13.52,0.31972,159.36889
3405.58,,,259.41,12.33,13.58,0.31972,159.36889
3410.27,,,253.87,10.39,15.38,0.31972,159.36889
3414.96,,,244.78,8.92,16.86,0.31972,159.36889
3419.64,,,273.04,10.35,14.77,0.31972,159.36889
3447.03,,,264.71,9.67,14.84,0.31972,159.36889
3605.92,,,269,8.51,16.54,0.31972,159.36889
3657.82,,,254.99,10.54,15.09,0.31972,159.36889
3780.43,,,193.42,8.42,19.41,0.31972,159.36889
3958.76,,,217.18,7.86,19.19,0.31972,159.36889
4056.8,,,233.1,10.75,14.85,0.31972,159.36889
4139.6,,,206.49,8.11,18.9,0.31972,159.36889
4142.4,,,209.81,7.16,18.31,0.31972,159.36889
4146,,,233.34,8.31,16.13,0.31972,159.36889
4150.2,,,186,8.45,16.79,0.31972,159.36889
4154.2,,,246.57,6.9,18.37,0.31972,159.36889
4158.4,,,261.38,11.54,13.58,0.31972,159.36889
4162.2,,,266.52,12.86,14.97,0.31972,159.36889
4166.37,,,234.67,10.58,14.89,0.31972,159.36889
4171.1,,,216.14,7.8,18.75,0.31972,159.36889
4173.4,,,222.92,8.42,16.96,0.31972,159.36889
4176.8,,,209.42,9.22,16.11,0.31972,159.36889
4181.4,,,222.89,12.01,15.58,0.31972,159.36889
4185.4,,,239.36,12.52,15.46,0.31972,159.36889
4189.4,,,222.65,9.42,16.24,0.31972,159.36889
4193.4,,,207.19,7.55,17.43,0.31972,159.36889
4197.4,,,215.97,8.5,20.12,0.31972,159.36889
4201.4,,,233.61,11.2,14.19,0.31972,159.36889
4203.4,,,224.37,10.79,14.85,0.31972,159.36889
4207.4,,,215.26,8.97,16,0.31972,159.36889
4211.4,,,225.12,9.16,16.01,0.31972,159.36889
4215.73,,,215.6,8.22,16.9,0.31972,159.36889
4220.12,,,243.14,9.59,15.09,0.31972,159.36889
4224.27,,,247.69,9.27,15.44,0.31972,159.36889
4228.35,,,212.58,6.9,17.95,0.31972,159.36889
4231.6,,,204.75,7.44,17.39,0.31972,159.36889
4234.4,,,213.17,10.5,14.46,0.31972,159.36889
4238.4,,,219.66,6.98,17.38,0.31972,159.36889
4242.4,,,187.49,7.81,18.55,0.31972,159.36889
4246.4,,,221.26,6.7,17.58,0.31972,159.36889
4250.4,,,194.54,6.87,17.07,0.31972,159.36889
4254.4,,,203.18,8.97,16.09,0.31972,159.36889
4258.82,,,225.05,9.24,14.89,0.31972,159.36889
4263.32,,,210.86,7.88,19.04,0.31972,159.36889
4266.2,,,220,6.85,16.69,0.31972,159.36889
4269.4,,,218.52,9.06,15.94,0.31972,159.36889
4273.4,,,191.82,7.82,16.51,0.31972,159.36889
4277.8,,,230.21,6.98,17.95,0.31972,159.36889
4281.4,,,229.28,9.04,15.27,0.31972,159.36889
5061.4,,,327.07,15.67,14.76,0.31972,159.36889
5084.5,,,305.86,14.62,14.35,0.31972,159.36889
5156.46,,,236.39,13.43,15.7,0.31972,159.36889
7274.45,,,304.62,20.83,22.94,0.31972,159.36889
7684.85,,,218.83,14.86,25.08,0.31972,159.36889
8093.52,,,223.87,16.72,25.46,0.31972,159.36889
8502.62,,,234.94,14.01,12.61,0.31972,159.36889
8910,,,243.93,20.65,23.95,0.31972,159.36889
9325.58,,,241.59,21.32,25.27,0.31972,159.36889
9735.98,,,247.86,26.15,23.05,0.31972,159.36889
12000,,,328.47,66.86,37.98,0.31972,159.36889
13060,,,363.71,68.5,41.51,0.31972,159.36889
15040,,,406.42,45.5,28.98,0.31972,159.36889
15990,,,363.39,46.34,30.06,0.31972,159.36889
17160,,,364.93,46.07,29.36,0.31972,159.36889
18100,,,383.79,46.48,31.15,0.31972,159.36889
19060,,,343.85,46.77,30.13,0.31972,159.36889
15541.34,,,299.78,113.54,91.83,-16.73972,115.53611
15599.55,,,441.65,176.26,141.6,-16.73972,115.53611
15612.77,,,468.56,187.49,149.56,-16.73972,115.53611
15625.99,,,329.84,122.8,100.66,-16.73972,115.53611
15652.42,,,293.96,112.02,91.68,-16.73972,115.53611
15692.12,,,287.24,129.83,97.9,-16.73972,115.53611
15718.63,,,505.28,353.16,209.06,-16.73972,115.53611
15758.52,,,290.82,122.26,94.66,-16.73972,115.53611
15771.86,,,315.22,137.01,107.76,-16.73972,115.53611
15806.64,,,519.62,237.65,175.4,-16.73972,115.53611
15838.92,,,435.35,183.6,143.31,-16.73972,115.53611
15893.18,,,281.02,103.98,87.43,-16.73972,115.53611
15953.66,,,291.32,156.27,110.45,-16.73972,115.53611
15961.99,,,318.06,122.24,99.13,-16.73972,115.53611
15975.91,,,594.5,264.27,196.71,-16.73972,115.53611
15989.89,,,322.46,128.56,101.97,-16.73972,115.53611
16060.73,,,292.61,109.8,91.45,-16.73972,115.53611
16118.71,,,405.7,195.19,143.35,-16.73972,115.53611
16148.2,,,308.77,114.24,94.94,-16.73972,115.53611
16178.04,,,270.82,102.39,83.19,-16.73972,115.53611
16208.27,,,236.09,101.8,78.63,-16.73972,115.53611
16238.9,,,476.52,251.96,172.13,-16.73972,115.53611
16269.96,,,277.52,100.68,84.31,-16.73972,115.53611
16301.47,,,466.85,188.09,149.88,-16.73972,115.53611
16333.45,,,262.18,94.56,79.01,-16.73972,115.53611
16365.94,,,502.22,207.29,161.62,-16.73972,115.53611
16398.95,,,430.21,171.4,137.4,-16.73972,115.53611
16415.66,,,221.48,78.99,65.59,-16.73972,115.53611
16466.65,,,531.66,338.72,212.86,-16.73972,115.53611
16591.05,,,270.85,96.91,82.47,-16.73972,115.53611
16646.9,,,241.5,85.47,74.43,-16.73972,115.53611
16685.05,,,235.95,93.07,73.7,-16.73972,115.53611
16763.69,,,338.07,134.1,106.66,-16.73972,115.53611
16975.21,,,206.54,86.75,68.26,-16.73972,115.53611
17113.59,,,252.15,89.55,75.02,-16.73972,115.53611
22022,,,277.72,178.45,116.04,3.71,-42.9
22161,,,393.09,286.34,170.75,3.71,-42.9
22442,,,380.95,261.05,164.83,3.71,-42.9
22510,,,315.84,204.46,132.25,3.71,-42.9
22521,,,371.11,254.95,158.39,3.71,-42.9
22580,,,367.21,251.33,156.85,3.71,-42.9
22589,,,291.65,188.26,121.53,3.71,-42.9
22661,,,315.91,210.93,133.49,3.71,-42.9
22673,,,348.85,246.75,151.52,3.71,-42.9
22696,,,290.14,184.7,121.45,3.71,-42.9
22728,,,229.17,138.83,94.58,3.71,-42.9
22736,,,271.62,169.17,113.28,3.71,-42.9
22810,,,228.01,137.22,93.78,3.71,-42.9
22815,,,233.15,141.17,96.98,3.71,-42.9
22820,,,250.59,155.19,104.28,3.71,-42.9
22872,,,346.68,233.82,147.81,3.71,-42.9
22895,,,300.45,194.98,126.65,3.71,-42.9
22939,,,252.83,158.37,105.69,3.71,-42.9
22968,,,237.64,145.18,98.41,3.71,-42.9
23008,,,248.25,152.78,102.79,3.71,-42.9
23023,,,261.28,166.23,109.23,3.71,-42.9
23075,,,292.57,185.62,123.27,3.71,-42.9
23087,,,286.3,184.66,121.05,3.71,-42.9
23094,,,270.56,172.57,113.17,3.71,-42.9
23157,,,255.97,160.06,106.36,3.71,-42.9
23249,,,291.18,187.66,122.58,3.71,-42.9
23264,,,285.89,183.92,119.96,3.71,-42.9
23306,,,250.24,156.7,104.62,3.71,-42.9
23338,,,256.24,159.68,106.81,3.71,-42.9
23575,,,252.89,158.79,105.91,3.71,-42.9
23579,,,248.88,154.6,104,3.71,-42.9
23662,,,249.15,154.4,104.02,3.71,-42.9
23733,,,290.86,187.78,123.27,3.71,-42.9
23797,,,257.3,167.35,109.54,3.71,-42.9
23821,,,258.85,163.34,108.98,3.71,-42.9
23857,,,326.18,252.31,146.16,3.71,-42.9
23928,,,243.75,153.47,102.91,3.71,-42.9
23978,,,221.61,137.4,93.65,3.71,-42.9
24018,,,261.88,178.22,112.95,3.71,-42.9
21167.32,,,335.94,209.28,137.97,10.1,162.87
21396.08,,,299.99,180.1,122.09,10.1,162.87
21839.7,,,305.89,192.55,126.99,10.1,162.87
3.91,2,2,276.03,46.37,41.82,12.74,-78.74
4.63,2,2,263.95,40.93,36.97,12.74,-78.74
5.02,2,2,284.34,47.45,42.05,12.74,-78.74
7.82,2,2,258.24,45.11,38.86,12.74,-78.74
7.82,2,2,269.7,50.5,43.82,12.74,-78.74
9.49,2,2,267.94,46,41.06,12.74,-78.74
10.32,2,2,240.03,47.98,42.09,12.74,-78.74
11.65,2,2,258.42,46.63,41.23,12.74,-78.74
14.01,2,2,233.99,42.31,37.25,12.74,-78.74
15.07,2,2,230.14,41.11,35.7,12.74,-78.74
15.07,2,2,217.67,40.65,36.54,12.74,-78.74
17.26,2,2,222.06,38.03,34.46,12.74,-78.74
19.19,2,2,161.35,33.21,30.89,12.74,-78.74
21.12,2,2,199.34,34.15,32.16,12.74,-78.74
22.61,2,2,201.6,36.2,32.92,12.74,-78.74
24.38,2,2,179.6,32.58,30.36,12.74,-78.74
25.51,2,2,170.82,36.94,32.39,12.74,-78.74
25.51,2,2,165.81,32.28,28.99,12.74,-78.74
35.82,2,2,213.12,38.19,35.12,12.74,-78.74
46.61,2,2,208.34,37.13,33.89,12.74,-78.74
52.14,2,2,198.12,37.86,34.21,12.74,-78.74
61.28,2,2,198.09,44.45,37.3,12.74,-78.74
77.3,2,2,237.11,44.62,38.44,12.74,-78.74
84.33,2,2,238.3,49.46,43.33,12.74,-78.74
89.11,2,2,264.46,48.37,41.77,12.74,-78.74
100.36,2,2,274.78,52.95,47.1,12.74,-78.74
106.12,2,2,251.54,48,42.03,12.74,-78.74
111.32,2,2,283.11,42.67,38.66,12.74,-78.74
116.82,2,2,312,69.49,57.84,12.74,-78.74
118.81,2,2,329.45,73.74,60.46,12.74,-78.74
119.06,2,2,303.96,46.91,41.95,12.74,-78.74
121.79,2,2,340.56,59.04,53.22,12.74,-78.74
123.77,2,2,283.84,41.65,38.83,12.74,-78.74
124.37,2,2,266.8,48.21,42.85,12.74,-78.74
127.48,2,2,273.43,40.56,37.45,12.74,-78.74
130.86,2,2,282.02,62.71,51.31,12.74,-78.74
131.91,2,2,246.89,37.73,36.4,12.74,-78.74
133.22,2,2,235.32,36.79,33.64,12.74,-78.74
134,2,2,206.84,34.6,32.72,12.74,-78.74
135.57,2,2,206.64,34.31,31.73,12.74,-78.74
138.97,2,2,205.84,34.05,31.61,12.74,-78.74
146.69,2,2,213.74,35.22,32.38,12.74,-78.74
150.04,2,2,206.18,33.87,31.98,12.74,-78.74
169.76,2,2,205.88,34.27,32.54,12.74,-78.74
179.94,2,2,203.83,34.01,31.02,12.74,-78.74
184.37,2,2,212.91,35.24,32.83,12.74,-78.74
190.01,2,2,223.07,35.36,33.44,12.74,-78.74
191.68,2,2,223.95,35.58,33.51,12.74,-78.74
198.07,2,2,249.58,37.63,35.6,12.74,-78.74
211.57,2,2,280.05,42.08,39.99,12.74,-78.74
220.44,2,2,261.44,39.6,35.7,12.74,-78.74
223.66,2,2,259.58,41.29,37.83,12.74,-78.74
227.1,2,2,232.91,36.98,34.28,12.74,-78.74
235.76,2,2,263.58,40.94,39.08,12.74,-78.74
239.48,2,2,243.18,37.88,35.23,12.74,-78.74
242.9,2,2,278.57,42.8,38.62,12.74,-78.74
247.18,2,2,262.25,39.46,35.71,12.74,-78.74
250.07,2,2,222.84,35.57,33.12,12.74,-78.74
257.84,2,2,232.4,36.9,33.43,12.74,-78.74
1087.26,2,2,228.15,35.21,33.89,12.74,-78.74
1088.69,2,2,255.08,37.68,36.51,12.74,-78.74
1090.03,2,2,218.11,33.25,32.61,12.74,-78.74
1092.67,2,2,236.66,36.65,34.58,12.74,-78.74
1094.71,2,2,246.54,37.36,36.54,12.74,-78.74
1099.46,2,2,322.55,44.6,42.53,12.74,-78.74
1102.42,2,2,300.97,42.96,40.89,12.74,-78.74
1103.16,2,2,286.69,43.96,42.5,12.74,-78.74
1106.2,2,2,242.21,35.67,33.99,12.74,-78.74
1107.82,2,2,260.5,38.68,37.36,12.74,-78.74
1110.3,2,2,281.66,39.56,38.87,12.74,-78.74
1112.8,2,2,241.64,36.06,35.2,12.74,-78.74
1115.26,2,2,222.34,34.1,33.39,12.74,-78.74
1117.86,2,2,208.91,32.16,31.61,12.74,-78.74
1120.36,2,2,243.36,35.9,35.12,12.74,-78.74
1123.09,2,2,196.93,31.13,30.62,12.74,-78.74
1126.06,2,2,242.75,36.77,35.21,12.74,-78.74
1127.81,2,2,241.56,36.53,35.2,12.74,-78.74
1130.97,2,2,246.52,36.05,34.84,12.74,-78.74
1136.57,2,2,292.22,40.86,38.69,12.74,-78.74
1140.03,2,2,308.47,45.21,42.31,12.74,-78.74
1143.23,2,2,280.07,43.37,40.64,12.74,-78.74
1145.33,2,2,298.21,43.99,41.29,12.74,-78.74
1148.9,2,2,314.93,52.29,49.41,12.74,-78.74
1150.94,2,2,262.13,39.03,38.4,12.74,-78.74
1154.09,2,2,246.39,37.65,36,12.74,-78.74
1157.77,2,2,301.93,44.67,42.15,12.74,-78.74
1160.73,2,2,311.41,45.69,42.35,12.74,-78.74
1162.85,2,2,273.67,39.54,37.4,12.74,-78.74
1169.86,2,2,283.11,40.49,37.34,12.74,-78.74
1177.57,2,2,271.52,38.77,37.3,12.74,-78.74
1179.66,2,2,261.62,38.36,37.55,12.74,-78.74
1181.75,2,2,228.5,33.49,33.24,12.74,-78.74
1184.06,2,2,222.42,33.76,33.2,12.74,-78.74
1185.97,2,2,254.36,38.36,35.5,12.74,-78.74
1188.07,2,2,263.57,38.39,36.16,12.74,-78.74
1191.31,2,2,211.02,32.71,31.44,12.74,-78.74
1195.15,2,2,203.27,32.63,31.06,12.74,-78.74
1203.26,2,2,189.3,30.68,29.64,12.74,-78.74
1206.76,2,2,212.98,32.3,31.77,12.74,-78.74
1209.99,2,2,235.15,36.45,34.15,12.74,-78.74
1214.48,2,2,288.05,40.13,39.12,12.74,-78.74
1216.42,2,2,271.7,40.3,37.67,12.74,-78.74
1218.54,2,2,301.08,44.67,41.82,12.74,-78.74
1224.18,2,2,252.53,37.93,37.54,12.74,-78.74
1227.17,2,2,270.71,40.28,38.1,12.74,-78.74
1230.72,2,2,314.04,46.46,44.36,12.74,-78.74
1233.9,2,2,295.24,41.89,40.71,12.74,-78.74
1236.18,2,2,259.78,37.74,35.34,12.74,-78.74
1239.83,2,2,265.65,39.19,37.57,12.74,-78.74
1243.25,2,2,288.51,39.95,38.42,12.74,-78.74
4,,,274,25,25,12.744,-78.7393
456,,,290,25,25,12.744,-78.7393
900,,,279,25,25,12.744,-78.7393
1500,,,288,25,25,12.744,-78.7393
2109,,,285,25,25,12.744,-78.7393
2592,,,276,25,25,12.744,-78.7393
2785,,,297,25,25,12.744,-78.7393
2890,,,386,25,25,12.744,-78.7393
2985,,,390,25,25,12.744,-78.7393
3050,,,408,25,25,12.744,-78.7393
3172,,,340,25,25,12.744,-78.7393
3496,,,365,25,25,12.744,-78.7393
4,,,294,25,25,12.744,-78.7393
900,,,280,25,25,12.744,-78.7393
1500,,,254,25,25,12.744,-78.7393
2109,,,369,25,25,12.744,-78.7393
2985,,,379,25,25,12.744,-78.7393
3229,,,376,25,25,12.744,-78.7393
4028,,,427,25,25,12.744,-78.7393
4342,,,422,25,25,12.744,-78.7393
53200,400,400,1400,470,470,-8.85621,39.46091
45600,300,100,1100,350,350,-8.91771,39.50365
44400,100,400,920,320,320,-8.91771,39.50365
36900,600,600,770,300,300,-9.90225,39.70458
40300,300,300,650,220,220,-9.26524,39.5339
53200,400,400,1900,600,600,-8.85621,39.46091
45600,300,100,1400,410,410,-8.91771,39.50365
44400,100,400,1200,370,370,-8.91771,39.50365
36900,600,600,920,340,340,-9.90225,39.70458
40300,300,300,760,230,230,-9.26524,39.5339
32980,,,550,190,190,-9.18639,39.55111
33170,,,710,230,230,-9.18639,39.55111
33330,,,890,290,290,-9.18639,39.55111
33470,,,930,320,320,-9.21528,39.54833
33590,,,690,230,230,-9.18639,39.55111
33960,,,870,300,300,-9.21528,39.54833
34210,,,960,330,330,-9.21528,39.54833
34420,,,940,360,360,-9.21528,39.54833
34630,,,810,310,310,-9.21528,39.54833
40338,,,1001.93,185.12,162.55,9.2658,-54.5439
40933,,,918.97,172.19,158.44,9.2658,-54.5439
41796,,,790.99,147.07,134.7,9.2658,-54.5439
43763,,,1018.58,207.16,181.82,9.2658,-54.5439
44825,,,927.04,188.78,148.51,9.2658,-54.5439
45701,,,848.1,131.51,123.88,9.2658,-54.5439
46571,,,1084.14,190.52,178.38,9.4333,-54.7333
47496,,,1420.45,307.89,262.07,9.4333,-54.733
48137,,,1907.63,472.23,364.24,9.4333,-54.733
49001,,,1754.53,413.6,327.97,9.4333,-54.7333
49831,,,1226.98,266.02,211.24,9.4333,-54.7333
50705,,,1157.47,221.02,211.38,9.4333,-54.7333
50856,,,1135.38,235.29,187.47,9.4333,-54.7333
51980,,,1285.1,286.79,217.55,9.4333,-54.7333
51980,,,1011.62,207.35,171.26,9.4333,-54.7333
53628,,,1027.76,214.7,179.05,9.4333,-54.7333
54678,,,647.83,122.7,97.49,9.4333,-54.7328
55541,,,796.67,163.04,127.04,9.4333,-54.7333
35607.55,,,910.3,180.67,160.46,18.4403,-179.5558
36396.42,,,871.97,199.35,157.48,18.4403,-179.5558
36963.28,,,883,190.95,138.92,18.4403,-179.5558
36963.28,,,830.6,167.98,146.54,18.4403,-179.5558
37636.08,,,814.01,334.09,203.91,18.4403,-179.5558
38109.41,,,898.8,209.28,160.36,18.4403,-179.5558
38781.08,,,893.23,156.4,157.32,18.4403,-179.5558
38781.08,,,887.01,169.97,153.25,18.4403,-179.5558
38781.08,,,950.09,207.79,172.86,18.4403,-179.5558
38781.08,,,947.84,191.91,180.3,18.4403,-179.5558
39445.98,,,787.87,188.68,159.63,18.4403,-179.5558
39445.98,,,945.83,195.63,151.98,18.4403,-179.5558
40250.64,,,966.73,219.38,165.53,18.4403,-179.5558
40917.8,,,864.55,177.08,143.35,18.4403,-179.5558
41467.76,,,963.44,195.69,180.52,18.4403,-179.5558
42387.36,,,885.73,185.4,148.84,18.4403,-179.5558
43068.05,,,945.05,199.58,173.52,18.4403,-179.5558
43068.05,,,955.12,182.42,159.99,18.4403,-179.5558
43383.6,,,857.89,155.43,142.82,18.4403,-179.5558
43744.22,,,1044.29,201.5,161.86,18.4403,-179.5558
44537.61,,,1063.92,209.44,181,18.4403,-179.5558
44873.44,,,1014.87,197.44,187.64,18.4403,-179.5558
44873.44,,,1023.7,208.22,170.65,18.4403,-179.5558
44873.44,,,895.03,187.42,152.68,18.4403,-179.5558
44873.44,,,874.28,184.72,152.81,18.4403,-179.5558
45204.77,,,958.56,175.94,154.15,18.4403,-179.5558
45204.77,,,1116.12,235.12,197.96,18.4403,-179.5558
45753.6,,,1030.3,197.16,174.94,18.4403,-179.5558
46317.08,,,1004.96,205.14,172.24,18.4403,-179.5558
46655.17,,,962.4,188.06,154.47,18.4403,-179.5558
47331.35,,,1070.43,192.97,163.18,18.4403,-179.5558
48015.42,,,1136.71,200.92,197.22,18.4403,-179.5558
48015.42,,,1039.03,215.68,184.79,18.4403,-179.5558
49134.49,,,1185.02,255.2,211.33,18.4403,-179.5558
49818.56,,,1116.42,256.93,207.65,18.4403,-179.5558
48112.48,,,985.12,274.01,222.34,41.42499,-49.82331
49990.74,,,1476.54,400.72,342.11,41.29565,-49.23309
49990.74,,,1491.93,477.8,360.52,41.29565,-49.23309
50541.61,,,2127.59,689.83,539.59,41.29582,-49.23309
50593.76,,,2157.37,897.57,592.09,41.29582,-49.23309
50603.24,,,2117.77,667.1,535.37,41.29582,-49.23309
50603.24,,,2275.91,912.06,637.01,41.29582,-49.23309
50622.2,,,2164.98,739.21,558.78,41.29582,-49.23309
50683.01,,,1735.79,487.8,418.08,41.29582,-49.23309
51288.52,,,1881.72,580.65,450.59,41.29565,-49.23309
51604.89,,,1123.64,330.25,251.25,41.29565,-49.23309
51631.47,,,1276.03,365.3,300.76,41.29565,-49.23309
51631.47,,,1345.44,444.23,327.17,41.29565,-49.23309
51658.06,,,1671.15,532.59,435.67,41.29565,-49.23309
51658.06,,,1489.02,416.26,354.31,41.29565,-49.23309
51658.06,,,1407.67,418.57,322.57,41.29565,-49.23309
51711.23,,,1912,668.36,490.95,41.29565,-49.23309
52881.66,,,1284.47,389.3,284.37,41.29582,-49.23309
52881.66,,,940.43,252.46,207.18,41.29582,-49.23309
53871.47,,,869.4,228.19,196.85,41.29582,-49.23309
40338,,,1001.93,185.12,162.55,9.2658,-54.5439
40933,,,918.97,172.19,158.44,9.2658,-54.5439
41796,,,790.99,147.07,134.7,9.2658,-54.5439
43763,,,1018.58,207.16,181.82,9.2658,-54.5439
44825,,,927.04,188.78,148.51,9.2658,-54.5439
45701,,,848.1,131.51,123.88,9.2658,-54.5439
46571,,,1084.14,190.52,178.38,9.4333,-54.7333
47496,,,1420.45,307.89,262.07,9.4333,-54.733
48137,,,1907.63,472.23,364.24,9.4333,-54.733
49001,,,1754.53,413.6,327.97,9.4333,-54.7333
49831,,,1226.98,266.02,211.24,9.4333,-54.7333
50705,,,1157.47,221.02,211.38,9.4333,-54.7333
50856,,,1135.38,235.29,187.47,9.4333,-54.7333
51980,,,1285.1,286.79,217.55,9.4333,-54.7333
51980,,,1011.62,207.35,171.26,9.4333,-54.7333
53628,,,1027.76,214.7,179.05,9.4333,-54.7333
54678,,,647.83,122.7,97.49,9.4333,-54.7328
55541,,,796.67,163.04,127.04,9.4333,-54.7333
35607.55,,,910.3,180.67,160.46,18.4403,-179.5558
36396.42,,,871.97,199.35,157.48,18.4403,-179.5558
36963.28,,,883,190.95,138.92,18.4403,-179.5558
36963.28,,,830.6,167.98,146.54,18.4403,-179.5558
37636.08,,,814.01,334.09,203.91,18.4403,-179.5558
38109.41,,,898.8,209.28,160.36,18.4403,-179.5558
38781.08,,,893.23,156.4,157.32,18.4403,-179.5558
38781.08,,,887.01,169.97,153.25,18.4403,-179.5558
38781.08,,,950.09,207.79,172.86,18.4403,-179.5558
38781.08,,,947.84,191.91,180.3,18.4403,-179.5558
39445.98,,,787.87,188.68,159.63,18.4403,-179.5558
39445.98,,,945.83,195.63,151.98,18.4403,-179.5558
40250.64,,,966.73,219.38,165.53,18.4403,-179.5558
40917.8,,,864.55,177.08,143.35,18.4403,-179.5558
41467.76,,,963.44,195.69,180.52,18.4403,-179.5558
42387.36,,,885.73,185.4,148.84,18.4403,-179.5558
43068.05,,,945.05,199.58,173.52,18.4403,-179.5558
43068.05,,,955.12,182.42,159.99,18.4403,-179.5558
43383.6,,,857.89,155.43,142.82,18.4403,-179.5558
43744.22,,,1044.29,201.5,161.86,18.4403,-179.5558
44537.61,,,1063.92,209.44,181,18.4403,-179.5558
44873.44,,,1014.87,197.44,187.64,18.4403,-179.5558
44873.44,,,1023.7,208.22,170.65,18.4403,-179.5558
44873.44,,,895.03,187.42,152.68,18.4403,-179.5558
44873.44,,,874.28,184.72,152.81,18.4403,-179.5558
45204.77,,,958.56,175.94,154.15,18.4403,-179.5558
45204.77,,,1116.12,235.12,197.96,18.4403,-179.5558
45753.6,,,1030.3,197.16,174.94,18.4403,-179.5558
46317.08,,,1004.96,205.14,172.24,18.4403,-179.5558
46655.17,,,962.4,188.06,154.47,18.4403,-179.5558
47331.35,,,1070.43,192.97,163.18,18.4403,-179.5558
48015.42,,,1136.71,200.92,197.22,18.4403,-179.5558
48015.42,,,1039.03,215.68,184.79,18.4403,-179.5558
49134.49,,,1185.02,255.2,211.33,18.4403,-179.5558
49818.56,,,1116.42,256.93,207.65,18.4403,-179.5558
48112.48,,,985.12,274.01,222.34,41.42499,-49.82331
49990.74,,,1476.54,400.72,342.11,41.29565,-49.23309
49990.74,,,1491.93,477.8,360.52,41.29565,-49.23309
50541.61,,,2127.59,689.83,539.59,41.29582,-49.23309
50593.76,,,2157.37,897.57,592.09,41.29582,-49.23309
50603.24,,,2117.77,667.1,535.37,41.29582,-49.23309
50603.24,,,2275.91,912.06,637.01,41.29582,-49.23309
50622.2,,,2164.98,739.21,558.78,41.29582,-49.23309
50683.01,,,1735.79,487.8,418.08,41.29582,-49.23309
51288.52,,,1881.72,580.65,450.59,41.29565,-49.23309
51604.89,,,1123.64,330.25,251.25,41.29565,-49.23309
51631.47,,,1276.03,365.3,300.76,41.29565,-49.23309
51631.47,,,1345.44,444.23,327.17,41.29565,-49.23309
51658.06,,,1671.15,532.59,435.67,41.29565,-49.23309
51658.06,,,1489.02,416.26,354.31,41.29565,-49.23309
51658.06,,,1407.67,418.57,322.57,41.29565,-49.23309
51711.23,,,1912,668.36,490.95,41.29565,-49.23309
52881.66,,,1284.47,389.3,284.37,41.29582,-49.23309
52881.66,,,940.43,252.46,207.18,41.29582,-49.23309
53871.47,,,869.4,228.19,196.85,41.29582,-49.23309
32980,,,573.28,118.59,93.22,-9.18639,39.55111
33170,,,734.17,155.36,116.5,-9.18639,39.55111
33330,,,931.04,187.53,164.72,-9.18639,39.55111
33380,,,964.47,226.87,166.7,-9.21528,39.54833
33590,,,722.47,131.73,119.6,-9.18639,39.55111
33960,,,952.25,192.68,175.13,-9.21528,39.54833
34210,,,1007.85,220.2,171.03,-9.21528,39.54833
34420,,,989.62,273.98,204.63,-9.21528,39.54833
34630,,,837.45,239.32,176.48,-9.21528,39.54833
36900,600,600,805.11,232.72,185.63,-9.90225,39.70458
40300,300,300,681.23,148.71,121.85,-9.26524,39.5339
44400,100,400,966.52,196.37,176.36,-8.91771,39.50365
45600,300,100,1117.07,236.11,217.56,-8.91771,39.50365
53200,400,400,1431.07,334.91,267.99,-8.85621,39.46091
32980,,,623.53,72.82,86.39,-9.18639,39.55111
33170,,,786.42,100.16,121.17,-9.18639,39.55111
33330,,,1105.24,147.61,180.83,-9.18639,39.55111
33470,,,1159.57,162.15,200.9,-9.21528,39.54833
33590,,,763.29,94.34,113.41,-9.18639,39.55111
33960,,,959.41,133.97,165.81,-9.21528,39.54833
34210,,,1074.27,155.03,193.56,-9.21528,39.54833
34420,,,1045.94,217.13,304.02,-9.21528,39.54833
34630,,,876.08,186.65,263.43,-9.21528,39.54833
39807.93,1,1,614.46,106.23,100.39,9.26567,-54.54403
39910.95,1,1,624.98,119.13,94.66,9.26567,-54.54403
39982.67,1,1,715.38,132.75,117.02,9.26567,-54.54403
40061.54,1,1,631.36,113.42,104.65,9.26567,-54.54403
40110.88,1,1,674.99,131.27,107.6,9.26567,-54.54403
40250.21,1,1,676.9,129.71,109.25,9.26567,-54.54403
40394.07,1,1,678.09,115.75,107.87,9.26567,-54.54403
40517.2,1,1,603.34,114.74,91.26,9.26567,-54.54403
40648.94,1,1,649.44,114.25,95.13,9.26567,-54.54403
41012.33,1,1,668.45,119.92,106.4,9.26567,-54.54403
39123.61,10.28,10.28,728.52,132.37,110.83,18.4404,-179.555
39327.36,1.13,1.13,711.94,142.45,119.51,18.4404,-179.555
39958.09,2.25,2.25,674.2,124.49,106.75,18.4404,-179.555
40000.18,0.76,0.76,624.61,114.22,96.51,18.4404,-179.555
40031.2,2.1,2.1,845.15,173.17,140.15,18.4404,-179.555
40092.17,2.1,2.1,633.33,117.16,95.58,18.4404,-179.555
40139.68,2.82,2.82,781.37,142.44,127.87,18.4404,-179.555
40139.68,2.82,2.82,748.35,147.22,126.31,18.4404,-179.555
40168.72,2.82,2.82,780.67,152.01,129.7,18.4404,-179.555
40244.4,16.91,16.91,838.19,186.25,151.37,18.4404,-179.555
40309.35,16.95,16.95,878.64,177.76,147.36,18.4404,-179.555
40377.66,2.86,2.86,834.33,176.7,132.8,18.4404,-179.555
40516.8,2.86,2.86,1032.73,225.76,190.36,18.4404,-179.555
40629.24,2.55,2.55,732.21,148.31,123.39,18.4404,-179.555
40810.32,1.35,1.35,662.98,117.62,109.12,18.4404,-179.555
40920.52,1.35,1.35,656.91,119.99,104.11,18.4404,-179.555
41129.55,1.74,1.74,609.95,115.06,102.4,18.4404,-179.555
41529.5,5.71,5.71,673.91,122.82,114.56,18.4404,-179.555
39918.62,1,1,668.55,126.98,108.42,-50.946,-26.3686
40089.32,1,1,656.76,124.44,108.89,-50.946,-26.3686
40109.64,1,1,676.28,125.47,101.29,-50.946,-26.3686
40137.68,1,1,692.41,133.6,111.92,-50.946,-26.3686
40251.94,1,1,654.61,121.24,95.73,-50.946,-26.3686
40605.42,1,1,523.37,96.07,76.35,-50.946,-26.3686
40816.85,1,1,737.99,149.2,118.44,-50.946,-26.3686
39933.57,1,1,641.1,121.53,104.29,-28.53295,2.77957
39989.67,1,1,588.76,112.27,89.05,-28.53295,2.77957
40074.13,1,1,724.68,144,116.85,-28.53295,2.77957
40115.57,1,1,655.37,128.6,99.53,-28.53295,2.77957
40125.33,1,1,668.55,128.35,99.45,-28.53295,2.77957
40241.51,1,1,758.23,147.83,118.68,-28.53295,2.77957
40337.61,1,1,620.01,117.64,97.42,-28.53295,2.77957
40725.72,1,1,635.14,109.23,96.07,-28.53295,2.77957
41064.15,1,1,657.81,116.24,99.95,-28.53295,2.77957
39807.93,1,1,543.51,159.38,112.16,9.26567,-54.54403
39910.95,1,1,633.91,174.64,135.99,9.26567,-54.54403
39982.67,1,1,777.11,254.7,164.11,9.26567,-54.54403
40061.54,1,1,629.84,186.77,135.8,9.26567,-54.54403
40110.88,1,1,726.04,245.53,187.5,9.26567,-54.54403
40250.21,1,1,792.05,284.77,194.17,9.26567,-54.54403
40394.07,1,1,642.2,188.13,138.09,9.26567,-54.54403
40517.2,1,1,616.62,175.9,132.67,9.26567,-54.54403
40648.94,1,1,705.83,219.63,159.91,9.26567,-54.54403
41012.33,1,1,622.44,183.41,134.57,9.26567,-54.54403
39123.61,10.28,10.28,740.87,232.54,165.71,18.4404,-179.555
39327.36,1.13,1.13,874.97,310.67,198.41,18.4404,-179.555
39958.09,2.25,2.25,759.42,242.32,188.34,18.4404,-179.555
40000.18,0.76,0.76,576.99,185.06,140.16,18.4404,-179.555
40031.2,2.1,2.1,1003.65,319.91,237.08,18.4404,-179.555
40092.17,2.1,2.1,587.77,176.38,139.5,18.4404,-179.555
40139.68,2.82,2.82,867.52,273.21,199.26,18.4404,-179.555
40139.68,2.82,2.82,941.36,339.49,228.41,18.4404,-179.555
40168.72,2.82,2.82,951.04,343.78,238.04,18.4404,-179.555
40244.4,16.91,16.91,1120.52,465.18,326.64,18.4404,-179.555
40309.35,16.95,16.95,1042.62,338.15,258.15,18.4404,-179.555
40377.66,2.86,2.86,981.28,346.1,226.21,18.4404,-179.555
40516.8,2.86,2.86,1425.23,562.92,361.95,18.4404,-179.555
40629.24,2.55,2.55,961.71,356,229.73,18.4404,-179.555
40810.32,1.35,1.35,652.87,182.93,141.43,18.4404,-179.555
40920.52,1.35,1.35,673.44,189.65,144.5,18.4404,-179.555
41129.55,1.74,1.74,576.68,185.48,147.94,18.4404,-179.555
41529.5,5.71,5.71,674.18,207.8,150.78,18.4404,-179.555
39918.62,1,1,806.61,272.59,203.02,-50.946,-26.3686
40089.32,1,1,635.2,188.04,130.4,-50.946,-26.3686
40109.64,1,1,656.92,216.72,146.29,-50.946,-26.3686
40137.68,1,1,727.77,219.97,169.63,-50.946,-26.3686
40251.94,1,1,656.26,206.71,137.06,-50.946,-26.3686
40605.42,1,1,393.5,114.04,89.72,-50.946,-26.3686
40816.85,1,1,819.23,254.21,173.53,-50.946,-26.3686
39933.57,1,1,634.69,185.18,139.01,-28.53295,2.77957
39989.67,1,1,632.22,200.21,146.25,-28.53295,2.77957
40074.13,1,1,772.36,266.86,172.72,-28.53295,2.77957
40115.57,1,1,677.6,246.96,171.44,-28.53295,2.77957
40125.33,1,1,664.16,199.01,143.26,-28.53295,2.77957
40241.51,1,1,845.44,255.92,207.81,-28.53295,2.77957
40337.61,1,1,684.06,197.32,167.75,-28.53295,2.77957
40725.72,1,1,601.82,164.66,136.38,-28.53295,2.77957
41064.15,1,1,571.54,152.76,117.75,-28.53295,2.77957
2337.82,,,317.42,69.57,62.55,12.75,-78.73
2346.71,,,317.56,77.29,65.95,12.75,-78.73
2352.72,,,305.94,69.28,60.3,12.75,-78.73
2362.22,,,449.9,109.25,93.14,12.75,-78.73
2372.2,,,414.51,96.21,80.34,12.75,-78.73
2381.29,,,371.26,84.44,73.31,12.75,-78.73
2389.32,,,377.05,83.78,72.31,12.75,-78.73
2410.92,,,277.5,61.69,54.14,12.75,-78.73
2424.89,,,332.1,72.86,65.5,12.75,-78.73
2451.23,,,320.23,71.83,61.9,12.75,-78.73
2474.49,,,340.33,75.21,66.63,12.75,-78.73
2500.4,,,356.63,80.17,68.93,12.75,-78.73
2501.4,,,362.03,81.02,69.29,12.75,-78.73
2521.93,,,245.97,56.27,47.87,12.75,-78.73
2545.15,,,335.45,73.61,64.8,12.75,-78.73
2561.9,,,299.51,66.83,58.81,12.75,-78.73
2579.43,,,329.81,73.35,64.4,12.75,-78.73
2594.84,,,361.67,81.91,70.45,12.75,-78.73
2615.07,,,278.52,62.35,54.57,12.75,-78.73
2624.5,,,304.93,70.03,58.91,12.75,-78.73
2630.91,,,244.92,56.44,49.1,12.75,-78.73
2648.26,,,281.85,64.04,55.43,12.75,-78.73
2664.7,,,301.61,68.88,58.84,12.75,-78.73
2673.02,,,262.67,60.38,53.36,12.75,-78.73
2680.36,,,322.77,72.18,61.33,12.75,-78.73
2686.56,,,283.78,64.46,55.82,12.75,-78.73
2695.16,,,275.6,61.16,54.64,12.75,-78.73
2700.04,,,234.41,58.62,51.08,12.75,-78.73
2703.2,,,319.02,73.6,62.05,12.75,-78.73
2707.21,,,262.14,60.53,52.46,12.75,-78.73
2745.52,,,338.76,75.91,66.67,12.75,-78.73
2751.48,,,320.97,75.18,62.81,12.75,-78.73
2764.19,,,358.16,79.57,70.54,12.75,-78.73
2777.48,,,279.08,63.09,55.45,12.75,-78.73
2798.54,,,281.29,64.19,55.26,12.75,-78.73
2830.18,,,317.12,72.02,62.65,12.75,-78.73
2831.68,,,361.4,91.93,77.93,12.75,-78.73
2838.9,,,387.68,87.27,73.91,12.75,-78.73
2849.18,,,307.71,68.96,60.6,12.75,-78.73
2858.32,,,444.89,103.91,89.41,12.75,-78.73
2912.38,,,370.57,82.51,70.87,12.75,-78.73
2923.56,,,377.17,84.24,72.86,12.75,-78.73
2941.58,,,337.22,74.71,64.5,12.75,-78.73
2950.49,,,357.8,81.74,70.39,12.75,-78.73
2951.16,,,419.31,105.63,88.25,12.75,-78.73
2959.6,,,345.53,75.09,66.54,12.75,-78.73
2978.07,,,328.22,74.23,62.83,12.75,-78.73
3002.81,,,368.96,84.08,71.52,12.75,-78.73
3011,,,356.95,79.13,70.48,12.75,-78.73
3027.58,,,380.92,85.98,74.4,12.75,-78.73
3042.66,,,419.48,98.21,83.4,12.75,-78.73
3050.02,,,418.02,94.11,80.08,12.75,-78.73
3059.03,,,361.32,83.25,73.09,12.75,-78.73
3062.96,,,413.1,94.65,81.84,12.75,-78.73
3066.54,,,379.83,86.49,74.9,12.75,-78.73
3091.18,,,334.2,74.06,63.92,12.75,-78.73
3100.18,,,319.31,73.34,62.02,12.75,-78.73
3114.24,,,391.55,87.94,76.2,12.75,-78.73
3133.15,,,345.25,78.53,68.14,12.75,-78.73
3143.17,,,333.87,79.04,66.06,12.75,-78.73
3151.9,,,403.18,125.18,100.5,12.75,-78.73
3157.94,,,339.65,76.44,67.89,12.75,-78.73
3171.55,,,451.65,102.02,86.95,12.75,-78.73
3179.79,,,381.07,85.66,72.33,12.75,-78.73
3189.19,,,283.44,63.11,55.06,12.75,-78.73
3198.73,,,330.9,74.05,63.52,12.75,-78.73
3209.38,,,326.38,73.6,63.07,12.75,-78.73
3224.6,,,375.85,85.21,73.16,12.75,-78.73
3239.89,,,423.24,112.75,94.08,12.75,-78.73
3242.93,,,354.46,79.31,70.04,12.75,-78.73
3245.81,,,316.3,70.75,60.64,12.75,-78.73
3259.58,,,347.83,81.32,70.83,12.75,-78.73
3270.17,,,364.75,91.23,77.28,12.75,-78.73
3280.6,,,313.37,69.74,62.16,12.75,-78.73
2347.23,,,369.1,85.2,73.04,-1.39472,-11.74306
2417.17,,,441.68,115.13,94.29,-1.39472,-11.74306
2498.36,,,422.79,97.96,84.97,-1.39472,-11.74306
2626.14,,,401.93,96.27,79.14,-1.39472,-11.74306
2750.57,,,376.3,92.12,77.94,-1.39472,-11.74306
2828.28,,,352.05,82.53,69.92,-1.39472,-11.74306
3160.11,,,525.26,126.97,106.61,-1.39472,-11.74306
3244.9,,,441.18,112.41,94.11,-1.39472,-11.74306
13798.51,,,310.66,57.66,58.34,35.926,4.335
13785.62,,,284.65,53.65,51.35,35.926,4.335
13772.74,,,298.5,54.5,57.5,35.926,4.335
13740.53,,,233.53,46.53,39.47,35.926,4.335
13735.67,,,264.55,56.55,38.45,35.926,4.335
13730.82,,,256.33,52.33,41.67,35.926,4.335
66132.33,,,787.53,296.23,216.11,33.821,178.92
66039,,,1566.72,685.74,397.43,50.865,5.784
66039,,,1453.05,776.35,416.62,50.865,5.784
66320,,,843.29,219.7,151.11,34.056,-88.924
66820,,,840.92,345.05,229.5,30.142,-76.112
66820,,,902.3,381.69,248.06,30.142,-76.112
66172.68,,,1395.09,697.29,418.56,30.142,-76.112
66039,,,1839.26,1361.11,561.09,50.865,5.784
66045.6,,,925.03,387.19,262.45,31.108,-96.837
66054,,,863.62,341.23,241.58,31.108,-96.837
66094,,,890.48,348.09,244.93,31.108,-96.837
66020,,,1150.93,534.88,337.88,31.108,-96.837
65997.5,,,570.17,184.68,160.33,32.652,158.506
65986.3,,,708.78,300.19,217.19,32.652,158.506
65921.2,,,869.31,321.8,242.36,32.652,158.506
65957,,,969.46,403.69,275.93,32.652,158.506
65614.1,,,1166.08,654.48,376.46,32.652,158.506
2340.14,,,310.84,57.34,43.46,12.75,-78.73
2350.85,,,308.16,62.69,45.22,12.75,-78.73
2358.08,,,300.91,56.58,41.36,12.75,-78.73
2378.92,,,397.52,72,57.4,12.75,-78.73
2388.39,,,365.24,60.9,56.15,12.75,-78.73
2396.71,,,372.63,59.24,59.26,12.75,-78.73
2410.93,,,278.03,48.7,40.04,12.75,-78.73
2426.63,,,328.64,56.17,47.98,12.75,-78.73
2454.51,,,317.71,54.3,46.75,12.75,-78.73
2473.82,,,337.65,57.02,48.56,12.75,-78.73
2497.34,,,351.97,60.93,50.72,12.75,-78.73
2498.3,,,349.77,69,44.74,12.75,-78.73
2517.16,,,247.63,46.23,35.52,12.75,-78.73
2540.44,,,333.81,55.9,50.82,12.75,-78.73
2572.4,,,303.13,49.34,46.24,12.75,-78.73
2586.5,,,326.17,57.93,46.25,12.75,-78.73
2600.34,,,357.55,64.2,53.58,12.75,-78.73
2618.69,,,282.93,48.74,42.94,12.75,-78.73
2626.86,,,304.93,54.09,43.84,12.75,-78.73
2632.74,,,252.94,42.87,38.85,12.75,-78.73
2647.36,,,283.71,49.42,40.71,12.75,-78.73
2661.38,,,305.1,52.08,45.46,12.75,-78.73
2671.05,,,263.9,48.56,37.61,12.75,-78.73
2679.21,,,320.16,57.24,45.33,12.75,-78.73
2686.16,,,282.43,53.34,38.51,12.75,-78.73
2698.25,,,281.51,43.22,44.35,12.75,-78.73
2705.51,,,239.5,49.35,40.56,12.75,-78.73
2710.04,,,312.87,61.79,44.01,12.75,-78.73
2716.09,,,262.25,50.32,35.49,12.75,-78.73
2744.51,,,332.26,62.77,43.62,12.75,-78.73
2751.11,,,316.6,61.77,44.9,12.75,-78.73
2764.59,,,356.67,58.46,53.43,12.75,-78.73
2778.07,,,278.79,51.53,38.43,12.75,-78.73
2799.52,,,280.1,52.86,39.25,12.75,-78.73
2821.86,,,314.1,58.91,42.75,12.75,-78.73
2823.45,,,352.26,80.82,56.04,12.75,-78.73
2832.34,,,376.25,72.54,49.58,12.75,-78.73
2845.05,,,308.99,52.04,48.12,12.75,-78.73
2882.85,,,421.06,88.15,54.42,12.75,-78.73
2916.2,,,365.89,60.22,54.42,12.75,-78.73
2927,,,362.81,68.27,49.56,12.75,-78.73
2942.97,,,331.45,60.29,45.73,12.75,-78.73
2950.22,,,350.06,64.55,50.09,12.75,-78.73
2950.22,,,391.96,93.5,56.27,12.75,-78.73
2956.69,,,341.79,59.58,48.28,12.75,-78.73
2971.7,,,323.37,57.93,44.97,12.75,-78.73
2998.11,,,366.03,57.01,56.96,12.75,-78.73
3006.65,,,346.46,66.04,49.03,12.75,-78.73
3023.22,,,366.8,70.72,49.79,12.75,-78.73
3041.93,,,412.62,67.46,69.03,12.75,-78.73
3051.27,,,411.24,66.44,63.7,12.75,-78.73
3060.8,,,349.91,68.93,51.28,12.75,-78.73
3064.67,,,401.62,71.25,59.05,12.75,-78.73
3067.99,,,373.11,60.87,59.3,12.75,-78.73
3091.2,,,330.52,56.42,49.58,12.75,-78.73
3099.49,,,312.53,58.69,42.45,12.75,-78.73
3112.2,,,376.68,70.84,53.8,12.75,-78.73
3134.59,,,332,65.35,46.43,12.75,-78.73
3146.71,,,326.23,62.19,49.03,12.75,-78.73
3149.8,,,285.04,52.09,44.46,12.75,-78.73
3151.75,,,377.09,113.36,68.59,12.75,-78.73
3152.24,,,351.63,73.87,54.61,12.75,-78.73
3153.05,,,331.48,73.36,51.25,12.75,-78.73
3154.35,,,331.95,58.02,48.07,12.75,-78.73
3155.33,,,318.31,56.44,47.99,12.75,-78.73
3156.8,,,458.65,100.89,71.91,12.75,-78.73
3158.75,,,324.01,61.64,44.6,12.75,-78.73
3160.05,,,327.25,66.56,52.02,12.75,-78.73
3160.38,,,434.93,77.04,64.72,12.75,-78.73
3161.92,,,403.7,87.35,65.41,12.75,-78.73
3163.14,,,360.58,66.3,57.18,12.75,-78.73
3176.65,,,369.45,64,52.52,12.75,-78.73
3180.88,,,282.72,51.35,41.48,12.75,-78.73
3181.53,,,309.25,60.29,47.35,12.75,-78.73
3184.78,,,324.96,58.88,48.9,12.75,-78.73
3185.27,,,335.65,70.08,46.95,12.75,-78.73
3186.41,,,470.59,138.93,76.63,12.75,-78.73
3190.83,,,396.78,87.83,74.7,12.75,-78.73
3192.03,,,317.91,62.18,46.03,12.75,-78.73
3195.95,,,432.02,94.88,70.98,12.75,-78.73
3202.88,,,350,60.7,54.51,12.75,-78.73
3204.69,,,362.43,68.44,51.53,12.75,-78.73
3205.3,,,426.95,116.08,74.67,12.75,-78.73
3208.31,,,361.09,86.69,55.29,12.75,-78.73
3211.02,,,392.39,91.53,71.65,12.75,-78.73
3216.14,,,350.62,79.42,54.36,12.75,-78.73
3217.95,,,398.28,100,63.75,12.75,-78.73
3220.06,,,382.43,103.07,62.28,12.75,-78.73
3220.67,,,345.22,60.9,53.2,12.75,-78.73
3223.08,,,307.79,57.23,42.01,12.75,-78.73
3223.98,,,369.38,101.92,55.39,12.75,-78.73
3230.61,,,416.51,106.24,67.25,12.75,-78.73
3233.02,,,306.52,70.34,51.4,12.75,-78.73
3235.13,,,338.18,68.03,54.59,12.75,-78.73
3236.04,,,366.19,82.25,60.07,12.75,-78.73
3247.82,,,384.48,90.51,63.12,12.75,-78.73
3252.14,,,349.65,79.5,53.32,12.75,-78.73
3254.13,,,352.26,89.51,53.91,12.75,-78.73
3260.77,,,366.84,98.66,61.27,12.75,-78.73
3268.07,,,351.09,73.86,51.59,12.75,-78.73
3272.06,,,306.48,55.46,45.64,12.75,-78.73
3278.7,,,389.69,91.14,65.85,12.75,-78.73
3286.67,,,308.4,61.42,47.65,12.75,-78.73
3290.24,,,354,88.13,60.85,12.75,-78.73
3293.11,,,301,61.57,42.97,12.75,-78.73
3296.43,,,387.36,93.14,62.93,12.75,-78.73
3299.45,,,379.75,79.7,66.54,12.75,-78.73
3302.61,,,458.94,112.83,80.54,12.75,-78.73
3304.12,,,415.34,91.78,69.09,12.75,-78.73
3310.76,,,400.57,93.79,65.16,12.75,-78.73
3314.6,,,421.78,89.19,75.57,12.75,-78.73
3317.52,,,323.99,67.82,51.88,12.75,-78.73
3320.3,,,368.66,71.7,52.97,12.75,-78.73
3323.22,,,293.81,67.12,41.99,12.75,-78.73
3326.14,,,413.92,101.94,61.84,12.75,-78.73
3329.2,,,327.85,71.73,52.03,12.75,-78.73
3332.13,,,315.76,65.33,51.18,12.75,-78.73
2019.29,,,347.53,64.31,46.2,12.75,-78.73
2941.22,,,321.94,60.94,41.4,12.75,-78.73
3180.88,,,270.33,43.83,32.56,12.75,-78.73
3204.4,,,338.3,62.01,45.76,12.75,-78.73
3235.13,,,320.45,50.57,39.16,12.75,-78.73
4003.18,,,386.25,62.58,58.9,12.75,-78.73
4225.71,,,364.48,62.36,53.71,12.75,-78.73
16720,,,570.14,230.67,177.81,10.0975,162.866
17720,,,490.26,193.84,156.46,10.0975,162.866
18510,,,351.52,132.21,108.81,10.0975,162.866
19430,,,285.57,115.35,91.99,10.0975,162.866
20020,,1000,356.5,144.19,116.46,10.0975,162.866
20560,,1000,394.84,164.87,130.88,10.0975,162.866
21780,,,302.26,133.16,101.43,10.0975,162.866
11540,,,353.79,132.17,107.21,-16.737,115.535
12100,,,348.01,125.72,102.85,-16.737,115.535
12520,,,298.99,132.18,98.52,-16.737,115.535
17,,,185.27,19.8,18.92,3.7191,-42.9084
560,,,199.53,37.48,31.6,3.7191,-42.9084
1530,,,189.11,30.57,25.78,3.7191,-42.9084
1880,,,177.29,27.48,23.97,3.7191,-42.9084
2210,,,243.86,38.49,32.23,3.7191,-42.9084
2550,,,230.77,30.81,28.79,3.7191,-42.9084
2880,,,190.18,26.43,23.09,3.7191,-42.9084
3250,,,301.63,45.15,39.93,3.7191,-42.9084
4420,,,300.02,90.38,79.24,3.7191,-42.9084
4860,,,429.87,187.27,136.2,3.7191,-42.9084
5330,,,449.16,150.5,128.02,3.7191,-42.9084
5800,,,430.18,161.54,125.3,3.7191,-42.9084
8560,,,489.26,177.7,145,3.7191,-42.9084
9240,,,441.19,158.28,131.21,3.7191,-42.9084
9870,,,313.36,105.29,91.19,3.7191,-42.9084
10600,,,359.52,152.94,114.68,3.7191,-42.9084
16380,,,344.72,120.01,103.71,3.7191,-42.9084
16010,,,519.01,198.42,163.22,3.7191,-42.9084
16020,,,379.51,136.06,116.17,3.7191,-42.9084
16070,,,424.17,157.82,130.7,3.7191,-42.9084
16860,,,371.07,138.22,116.21,3.7191,-42.9084
16900,,,389.43,147.59,124.03,3.7191,-42.9084
17080,,,342.4,128.57,105.89,3.7191,-42.9084
18250,,,311.53,115.72,96.07,3.7191,-42.9084
19140,,,385.41,153.94,121.49,3.7191,-42.9084
20090,,,255.52,98.58,80.99,3.7191,-42.9084
5810,,,312.26,99.25,85.89,16.553,-79.867
6540,,,382.21,122.52,108.33,16.553,-79.867
7000,,,420.68,136.13,115.34,16.553,-79.867
8450,,,402.55,140.89,116.79,16.553,-79.867
13950,,,572.51,246.1,173.4,35.926,4.335
13901.77,,,518.7,220.88,155.52,35.926,4.335
13829.42,,,549.34,241.84,165.67,35.926,4.335
13732.97,,,425.06,167.64,125.34,35.926,4.335
13708.85,,,468.46,195.33,141.48,35.926,4.335
13646.8,,,463.98,184.15,136.54,35.926,4.335
1.66,,,261.26,19.99,18.54,12.744,-78.7393
930.47,,,246.73,24.66,22.63,12.744,-78.7393
1426.26,,,215.01,25.54,22.22,12.744,-78.7393
2019.29,,,364.61,50.12,44.01,12.744,-78.7393
2941.22,,,349.12,44.37,39.1,12.744,-78.7393
3204.4,,,360.95,46.66,40.42,12.744,-78.7393
4003.18,,,415.83,144.58,111.38,12.744,-78.7393
4225.71,,,397.22,135.77,105.61,12.744,-78.7393
15653.58,,,475.42,210.57,146.45,-16.73972,115.53611
15715.46,,,674.39,369.23,226.08,-16.73972,115.53611
15729.53,,,717.54,400.83,239.6,-16.73972,115.53611
15743.59,,,518.41,231.94,162.2,-16.73972,115.53611
15771.72,,,462.23,205.02,142.58,-16.73972,115.53611
15813.92,,,452.32,216.98,148.11,-16.73972,115.53611
15842.05,,,751.43,644.03,283.79,-16.73972,115.53611
15884.24,,,455.88,217.05,147.56,-16.73972,115.53611
15898.31,,,483.59,240.49,157.33,-16.73972,115.53611
15934.88,,,787.41,507.97,275.95,-16.73972,115.53611
15968.63,,,665,355.81,226.13,-16.73972,115.53611
16011.51,,,442.59,180.71,136.37,-16.73972,115.53611
16039.08,,,449.13,244.49,151.68,-16.73972,115.53611
16042.84,,,492.34,229.33,156.03,-16.73972,115.53611
16049.1,,,910.53,617.51,325.13,-16.73972,115.53611
16055.37,,,501.15,225.86,155.82,-16.73972,115.53611
16086.69,,,454.35,195.41,140.74,-16.73972,115.53611
16111.75,,,612.2,350.93,209.16,-16.73972,115.53611
16124.28,,,481.45,209.26,149.8,-16.73972,115.53611
16136.81,,,423.62,188.34,130.71,-16.73972,115.53611
16149.34,,,370.75,166.73,116.84,-16.73972,115.53611
16161.87,,,713.32,493,261.45,-16.73972,115.53611
16174.4,,,430.86,183.93,132.23,-16.73972,115.53611
16186.93,,,707.82,402.08,239.87,-16.73972,115.53611
16199.46,,,409.46,167.86,123.33,-16.73972,115.53611
16211.99,,,756.86,456.3,260.07,-16.73972,115.53611
16224.52,,,654.01,338.88,217.57,-16.73972,115.53611
16230.79,,,355.84,139.77,106.7,-16.73972,115.53611
16249.58,,,782.04,657.05,300.32,-16.73972,115.53611
16292.61,,,419.79,175.81,127.17,-16.73972,115.53611
16307.28,,,384.24,149.36,113.6,-16.73972,115.53611
16317.06,,,370.12,157.84,112.71,-16.73972,115.53611
16336.62,,,515.84,244.92,162.52,-16.73972,115.53611
16385.52,,,328.3,137.69,102.98,-16.73972,115.53611
16484,,,392.69,165.03,119.94,-16.73972,115.53611
12374.58,,,338.74,125.18,94.8,-16.74,115.536
12774.05,,,388.96,149.47,113.58,-16.74,115.536
13224.38,,,421.89,171.47,123.05,-16.74,115.536
13385,,,418.49,169.21,122.57,-16.74,115.536
13535,,,412.3,166.06,122.34,-16.74,115.536
13610,,,439.68,184.8,129.02,-16.74,115.536
13870.52,,,456.39,193.93,138.14,-16.74,115.536
13936.65,,,462.73,194,140.1,-16.74,115.536
14184.22,,,632.88,331.54,206.45,-16.74,115.536
15136.56,,,547.35,272.76,174.61,-16.74,115.536
15670.94,,,490.48,222.05,149.84,-16.74,115.536
15994.38,,,642.63,353.8,214.22,-16.74,115.536
16220,,,369.71,145.98,111.66,-16.74,115.536
11697.87,,,445.73,189.17,131.96,-16.74,115.536
13763.13,,,402.12,156.1,119.49,-16.74,115.536
15838.07,,,575.31,281.01,182.97,-16.74,115.536
3.91,2,2,273.9,23.53,22.36,12.74,-78.74
4.63,2,2,263.06,21.03,19.25,12.74,-78.74
5.02,2,2,281.14,23.64,22.57,12.74,-78.74
7.82,2,2,258.56,22.67,21.23,12.74,-78.74
7.82,2,2,268.58,24.88,22.23,12.74,-78.74
9.49,2,2,266.08,23.1,21.82,12.74,-78.74
10.32,2,2,240.79,22.81,21.49,12.74,-78.74
11.65,2,2,256.26,22.78,21.64,12.74,-78.74
14.01,2,2,234.32,20.44,18.77,12.74,-78.74
15.07,2,2,231.41,20.27,18.71,12.74,-78.74
15.07,2,2,220.22,19.35,18.31,12.74,-78.74
17.26,2,2,223.23,19.11,17.48,12.74,-78.74
19.19,2,2,166.36,15.32,14.08,12.74,-78.74
21.12,2,2,201.25,16.66,15.53,12.74,-78.74
22.61,2,2,203.9,17.34,16.33,12.74,-78.74
24.38,2,2,183.92,15.42,14.47,12.74,-78.74
25.51,2,2,175.55,16.82,15.92,12.74,-78.74
25.51,2,2,170.91,14.94,13.68,12.74,-78.74
35.82,2,2,214.42,18.77,17.43,12.74,-78.74
46.61,2,2,210.31,17.71,16.86,12.74,-78.74
52.14,2,2,200.68,18.37,16.96,12.74,-78.74
61.28,2,2,201.4,21.11,18.8,12.74,-78.74
77.3,2,2,236.93,21.44,19.73,12.74,-78.74
84.33,2,2,238.18,23.09,21.54,12.74,-78.74
89.11,2,2,263.21,23.69,21.81,12.74,-78.74
100.36,2,2,272.11,26.49,24.54,12.74,-78.74
106.12,2,2,250.38,23.26,22.14,12.74,-78.74
111.32,2,2,276.43,26.06,24.78,12.74,-78.74
116.82,2,2,305.46,33.86,31.22,12.74,-78.74
118.81,2,2,320.92,36.9,32.22,12.74,-78.74
119.06,2,2,297.43,31.52,28.12,12.74,-78.74
121.79,2,2,331.35,30.16,28.43,12.74,-78.74
123.77,2,2,267.19,23.67,21.98,12.74,-78.74
124.37,2,2,281.18,24.67,23.06,12.74,-78.74
127.48,2,2,271.51,26.21,23.28,12.74,-78.74
130.86,2,2,281.5,30.64,28.56,12.74,-78.74
131.91,2,2,248.66,22.79,21.57,12.74,-78.74
133.22,2,2,236.46,22.09,20.24,12.74,-78.74
134,2,2,210.93,20.37,19.11,12.74,-78.74
135.57,2,2,208.72,20.2,18.6,12.74,-78.74
138.97,2,2,208.61,19.28,18.26,12.74,-78.74
146.69,2,2,216.63,20.43,19.24,12.74,-78.74
150.04,2,2,209.79,19.96,18.36,12.74,-78.74
169.76,2,2,209.58,19.41,18.18,12.74,-78.74
179.94,2,2,206.54,19.66,17.69,12.74,-78.74
184.37,2,2,214.37,20.9,19.2,12.74,-78.74
190.01,2,2,223.75,21.38,19.21,12.74,-78.74
191.68,2,2,223.81,20.95,19.83,12.74,-78.74
198.07,2,2,246.23,22.47,21.83,12.74,-78.74
211.57,2,2,274.42,27.41,24.92,12.74,-78.74
220.44,2,2,261.03,24.35,22.29,12.74,-78.74
223.66,2,2,259.32,27.23,24.37,12.74,-78.74
227.1,2,2,232.53,22.18,21.19,12.74,-78.74
235.76,2,2,259.56,26.1,23.77,12.74,-78.74
239.48,2,2,242.21,23.06,21.25,12.74,-78.74
242.9,2,2,274.68,27.82,25.8,12.74,-78.74
247.18,2,2,259.76,24.62,22.66,12.74,-78.74
250.07,2,2,224.97,21.63,19.77,12.74,-78.74
257.84,2,2,233.39,21.61,20,12.74,-78.74
1087.26,2,2,232.86,27.37,24.96,12.74,-78.74
1088.69,2,2,257.79,31.05,27.12,12.74,-78.74
1090.03,2,2,223.46,24.86,22.67,12.74,-78.74
1092.67,2,2,242.14,28.26,25.54,12.74,-78.74
1094.71,2,2,251.16,30.96,26.88,12.74,-78.74
1099.46,2,2,320.95,39.69,33.75,12.74,-78.74
1102.42,2,2,301.81,36.05,32.6,12.74,-78.74
1103.16,2,2,286.05,38.76,33.81,12.74,-78.74
1106.2,2,2,246.55,27.48,24.84,12.74,-78.74
1107.82,2,2,262.51,31.08,27.72,12.74,-78.74
1110.3,2,2,284.02,33.26,30.19,12.74,-78.74
1112.8,2,2,246.21,28.14,26.09,12.74,-78.74
1115.26,2,2,227.64,26.65,24.04,12.74,-78.74
1117.86,2,2,215.33,24.03,21.61,12.74,-78.74
1120.36,2,2,248.31,27.33,24.69,12.74,-78.74
1123.09,2,2,205.25,22.59,21.25,12.74,-78.74
1126.06,2,2,246.43,29.02,26.76,12.74,-78.74
1127.81,2,2,244.73,29.62,27.08,12.74,-78.74
1130.97,2,2,249.59,28.55,25.97,12.74,-78.74
1136.57,2,2,291.67,34.3,29.86,12.74,-78.74
1140.03,2,2,305.43,37.85,33.23,12.74,-78.74
1143.23,2,2,278.14,35.69,31.87,12.74,-78.74
1145.33,2,2,295.74,38.82,33.68,12.74,-78.74
1148.9,2,2,310.44,47.37,39.87,12.74,-78.74
1150.94,2,2,260.5,34.06,29.86,12.74,-78.74
1154.09,2,2,248.05,31.16,27.95,12.74,-78.74
1157.77,2,2,299.72,38.19,34.12,12.74,-78.74
1160.73,2,2,307.68,39.38,35.49,12.74,-78.74
1162.85,2,2,275.14,33.12,29.23,12.74,-78.74
1169.86,2,2,283.63,33.15,30.07,12.74,-78.74
1177.57,2,2,273.2,33.87,30.39,12.74,-78.74
1179.66,2,2,263.28,32.4,29.43,12.74,-78.74
1181.75,2,2,233.36,27.09,24.5,12.74,-78.74
1184.06,2,2,226.28,27.11,23.81,12.74,-78.74
1185.97,2,2,257.13,30.73,28.03,12.74,-78.74
1188.07,2,2,265.36,31.66,28.28,12.74,-78.74
1191.31,2,2,215.8,24.29,22.66,12.74,-78.74
1195.15,2,2,208.27,25.13,22.81,12.74,-78.74
1203.26,2,2,195.5,22.3,20.35,12.74,-78.74
1206.76,2,2,219.15,25.18,22.27,12.74,-78.74
1209.99,2,2,238.88,29.19,26,12.74,-78.74
1214.48,2,2,287.94,36.15,31.25,12.74,-78.74
1216.42,2,2,272.15,34.24,30.64,12.74,-78.74
1218.54,2,2,298.36,38.23,34.07,12.74,-78.74
1224.18,2,2,255.14,33.4,29.55,12.74,-78.74
1227.17,2,2,271.52,35.04,30.6,12.74,-78.74
1230.72,2,2,312.45,43.09,37.1,12.74,-78.74
1233.9,2,2,295.82,37.79,33.14,12.74,-78.74
1236.18,2,2,262.84,31.53,27.71,12.74,-78.74
1239.83,2,2,269.3,33.06,29.43,12.74,-78.74
1243.25,2,2,292.57,34.63,30.69,12.74,-78.74
2337.82,,,287.9,39.39,33.98,12.75,-78.73
2346.71,,,286.77,44.41,38.01,12.75,-78.73
2352.72,,,280.79,38.24,32.74,12.75,-78.73
2362.22,,,395.87,63.84,54.59,12.75,-78.73
2372.2,,,368.33,52.55,46.35,12.75,-78.73
2381.29,,,333.35,48.12,39.75,12.75,-78.73
2389.32,,,338.01,46.51,39.36,12.75,-78.73
2410.92,,,257.88,32.22,29.52,12.75,-78.73
2424.89,,,303.33,39.22,35.22,12.75,-78.73
2451.23,,,293.88,37.73,33.83,12.75,-78.73
2474.49,,,312,40.3,35.52,12.75,-78.73
2500.4,,,325.81,44.22,38.82,12.75,-78.73
2501.4,,,329.85,43.64,38.07,12.75,-78.73
2521.93,,,231.24,28.61,25.82,12.75,-78.73
2545.15,,,307.41,39.62,35.59,12.75,-78.73
2561.9,,,279.24,36.33,31.6,12.75,-78.73
2579.43,,,303.63,38.69,34.33,12.75,-78.73
2594.84,,,333,46.72,40.29,12.75,-78.73
2615.07,,,260.75,33.84,29.15,12.75,-78.73
2624.5,,,283.12,36.61,31.91,12.75,-78.73
2630.91,,,233.68,28.97,26.35,12.75,-78.73
2648.26,,,264.21,33.33,28.7,12.75,-78.73
2664.7,,,283.84,37.29,32.33,12.75,-78.73
2673.02,,,247.51,32.04,28.05,12.75,-78.73
2680.36,,,297.97,39.29,33.71,12.75,-78.73
2686.56,,,265.07,33.88,30.51,12.75,-78.73
2695.16,,,256.33,32.81,29.3,12.75,-78.73
2700.04,,,221.63,35.17,31.58,12.75,-78.73
2703.2,,,294.1,39.95,35.59,12.75,-78.73
2707.21,,,246.29,30.16,27.37,12.75,-78.73
2745.52,,,313.09,40.92,36.11,12.75,-78.73
2751.48,,,297.45,42.59,36.84,12.75,-78.73
2764.19,,,328.67,44.03,38.92,12.75,-78.73
2777.48,,,260.5,33.51,29.58,12.75,-78.73
2798.54,,,262.71,34.45,30.68,12.75,-78.73
2830.18,,,295.47,38.73,34.16,12.75,-78.73
2831.68,,,331.01,61.88,49.68,12.75,-78.73
2838.9,,,353.81,48.3,43.27,12.75,-78.73
2849.18,,,283.89,37.97,33.84,12.75,-78.73
2858.32,,,398.76,57.01,50.84,12.75,-78.73
2912.38,,,335.92,46.29,40.69,12.75,-78.73
2923.56,,,340.14,48.8,42.38,12.75,-78.73
2941.58,,,308.25,41.34,35.77,12.75,-78.73
2950.49,,,323.34,45.67,39.42,12.75,-78.73
2951.16,,,375.9,66.75,54.09,12.75,-78.73
2959.6,,,317.3,39.94,36.28,12.75,-78.73
2978.07,,,300.67,39.96,35.42,12.75,-78.73
3002.81,,,333.67,46.93,40.85,12.75,-78.73
3011,,,322.28,45.2,38.71,12.75,-78.73
3027.58,,,342.74,46.75,41.98,12.75,-78.73
3042.66,,,374.75,55.29,48.69,12.75,-78.73
3050.02,,,376.19,52.04,46.06,12.75,-78.73
3059.03,,,326.48,49.65,42.85,12.75,-78.73
3062.96,,,369.64,54.65,45.29,12.75,-78.73
3066.54,,,341.39,48.78,43.37,12.75,-78.73
3091.18,,,303.94,42.14,36.33,12.75,-78.73
3100.18,,,291.55,39.35,33.94,12.75,-78.73
3114.24,,,350.04,50.31,42.86,12.75,-78.73
3133.15,,,309.32,45.93,39.85,12.75,-78.73
3143.17,,,301.07,45.5,38.95,12.75,-78.73
3151.9,,,356.31,85.44,66.24,12.75,-78.73
3157.94,,,306.55,42.82,37.82,12.75,-78.73
3171.55,,,401.72,58.98,51,12.75,-78.73
3179.79,,,343.07,46.62,42.09,12.75,-78.73
3189.19,,,261.36,35.4,30.9,12.75,-78.73
3198.73,,,300.29,41.62,37.1,12.75,-78.73
3209.38,,,297.34,43.19,38.01,12.75,-78.73
3224.6,,,337,50.03,42.41,12.75,-78.73
3239.89,,,374.76,76.17,59.1,12.75,-78.73
3242.93,,,316.69,46.31,38.66,12.75,-78.73
3245.81,,,287.56,38.77,35.07,12.75,-78.73
3259.58,,,312.42,52.53,43.03,12.75,-78.73
3270.17,,,328.83,58.51,49.15,12.75,-78.73
3280.6,,,284.04,40.88,35.36,12.75,-78.73
3.63,,,283.39,22.96,22.96,4.77,-20.93
14.61,,,253.95,20.17,20.17,4.77,-20.93
20.44,,,183.44,13.82,13.82,4.77,-20.93
40.84,,,218.4,16.9,16.9,4.77,-20.93
70.58,,,246.26,19.48,19.48,4.77,-20.93
113.57,,,267.29,21.59,21.59,4.77,-20.93
123.23,,,317.84,26.73,26.73,4.77,-20.93
128.06,,,279.3,22.82,22.82,4.77,-20.93
136.84,,,194.89,14.86,14.86,4.77,-20.93
138.59,,,175.16,13.21,13.21,4.77,-20.93
329.11,,,294.82,24.58,24.58,4.77,-20.93
358.55,,,201.87,15.57,15.57,4.77,-20.93
366.89,,,214.13,16.72,16.72,4.77,-20.93
386.37,,,242.34,19.38,19.38,4.77,-20.93
409.09,,,297.46,24.9,24.9,4.77,-20.93
418.81,,,271.12,22.2,22.2,4.77,-20.93
541.55,,,234.83,18.63,18.63,4.77,-20.93
616.27,,,244.95,19.65,19.65,4.77,-20.93
650.99,,,166.92,12.6,12.6,4.77,-20.93
662.08,,,189.43,14.52,14.52,4.77,-20.93
675.04,,,211.01,16.42,16.42,4.77,-20.93
702.17,,,250.36,20.16,20.16,4.77,-20.93
703.51,,,260.18,21.1,21.1,4.77,-20.93
731.02,,,219.29,17.21,17.21,4.77,-20.93
752.43,,,201.41,15.55,15.55,4.77,-20.93
891.89,,,195.3,15.02,15.02,4.77,-20.93
949.99,,,281.85,23.22,23.22,4.77,-20.93
952.84,,,308.6,25.93,25.93,4.77,-20.93
1072.82,,,295.27,24.53,24.53,4.77,-20.93
1078.92,,,257.3,20.73,20.73,4.77,-20.93
1168.28,,,264.52,21.43,21.43,4.77,-20.93
1192.45,,,208.96,16.21,16.21,4.77,-20.93
1212.55,,,221.3,17.3,17.3,4.77,-20.93
1233.29,,,243.6,19.45,19.45,4.77,-20.93
1238.67,,,270.38,22.03,22.03,4.77,-20.93
1253,,,200.59,15.39,15.39,4.77,-20.93
1261.66,,,237.73,18.85,18.85,4.77,-20.93
1353.31,,,283.8,23.35,23.35,4.77,-20.93
1412.7,,,218.4,17.01,17.01,4.77,-20.93
1499.16,,,266.35,21.36,21.36,4.77,-20.93
1578.88,,,214.81,16.76,16.76,4.77,-20.93
1653.01,,,214.31,16.7,16.7,4.77,-20.93
1666.79,,,218.06,17.03,17.03,4.77,-20.93
1673.69,,,271.38,22.07,22.07,4.77,-20.93
1854.15,,,267.48,21.73,21.73,4.77,-20.93
1863.78,,,208.29,16.09,16.09,4.77,-20.93
1931.75,,,296.7,24.62,24.62,4.77,-20.93
1948.17,,,190.9,14.63,14.63,4.77,-20.93
1955.83,,,183.73,13.98,13.98,4.77,-20.93
1979.3,,,286.35,23.47,23.47,4.77,-20.93
2019.73,,,279.98,22.76,22.76,4.77,-20.93
2048.19,,,238.23,18.87,18.87,4.77,-20.93
3.83,,,281.5,22.96,22.96,4.77,-20.93
11.01,,,255.2,20.17,20.17,4.77,-20.93
22.72,,,185.2,13.82,13.82,4.77,-20.93
49.41,,,222.5,16.9,16.9,4.77,-20.93
68.11,,,251.9,19.48,19.48,4.77,-20.93
109.16,,,277.1,21.59,21.59,4.77,-20.93
128.4,,,330.1,26.73,26.73,4.77,-20.93
131.32,,,290,22.82,22.82,4.77,-20.93
136.63,,,203.4,14.86,14.86,4.77,-20.93
137.69,,,189,13.21,13.21,4.77,-20.93
317.44,,,314.1,24.58,24.58,4.77,-20.93
362.43,,,214.8,15.57,15.57,4.77,-20.93
370.03,,,229.2,16.72,16.72,4.77,-20.93
383.73,,,259.5,19.38,19.38,4.77,-20.93
414.08,,,317.7,24.9,24.9,4.77,-20.93
421.57,,,292.7,22.2,22.2,4.77,-20.93
3.92,0.04,0.04,282.07,29,29,12.75,-78.73
4.63,0.04,0.04,265.16,29,29,12.75,-78.73
5.03,0.04,0.04,283.46,29,29,12.75,-78.73
7.82,0.04,0.04,263.84,29,29,12.75,-78.73
7.82,0.04,0.04,276.08,29,29,12.75,-78.73
9.49,0.04,0.04,279.05,29,29,12.75,-78.73
10.32,0.04,0.04,253.72,29,29,12.75,-78.73
11.65,0.04,0.04,272.18,29,29,12.75,-78.73
14.01,0.04,0.04,250.78,29,29,12.75,-78.73
15.07,0.04,0.04,249.49,29,29,12.75,-78.73
15.07,0.04,0.04,236.58,29,29,12.75,-78.73
17.26,0.04,0.04,240.35,29,29,12.75,-78.73
19.19,0.04,0.04,175.9,29,29,12.75,-78.73
21.12,0.04,0.04,218.78,29,29,12.75,-78.73
22.46,0.04,0.04,219.99,29,29,12.75,-78.73
24.79,0.04,0.04,195.21,29,29,12.75,-78.73
26.28,0.04,0.04,184.8,29,29,12.75,-78.73
26.28,0.04,0.04,179.7,29,29,12.75,-78.73
3.1,,,259.37,29,29,3.83167,-41.62167
5.98,,,263.8,29,29,3.83167,-41.62167
8.52,,,240.18,29,29,3.83167,-41.62167
10.54,,,262.31,29,29,3.83167,-41.62167
12.55,,,206.34,29,29,3.83167,-41.62167
14.57,,,220,29,29,3.83167,-41.62167
16.59,,,193.91,29,29,3.83167,-41.62167
18.16,,,194.11,29,29,3.83167,-41.62167
19.06,,,209.4,29,29,3.83167,-41.62167
20.86,,,216.74,29,29,3.83167,-41.62167
23.86,,,225.22,29,29,3.83167,-41.62167
27.37,,,208.16,29,29,3.83167,-41.62167
30.88,,,253.37,29,29,3.83167,-41.62167
1975.13,6,6,201.6,45.66,51.92,12.91083,-78.83333
2026.54,6,6,244.7,51.46,59.36,12.91083,-78.83333
2078.09,6,6,228.7,49.27,56.56,12.91083,-78.83333
2161.01,6,6,204.2,46,52.36,12.91083,-78.83333
2166.04,6,6,365.6,69.06,81.48,12.91083,-78.83333
2201.94,6,6,368.8,69.54,82.08,12.91083,-78.83333
2304.67,6,6,220.6,48.18,55.16,12.91083,-78.83333
2502.94,6,6,350.4,66.78,78.63,12.91083,-78.83333
2558.58,6,6,292.7,58.27,67.97,12.91083,-78.83333
2600.86,6,6,185.6,43.61,49.25,12.91083,-78.83333
2685.47,6,6,176.5,42.47,47.77,12.91083,-78.83333
2702.22,6,6,340.5,65.3,76.79,12.91083,-78.83333
2705.51,6,6,297,58.89,68.76,12.91083,-78.83333
2708.11,6,6,221.3,48.27,55.28,12.91083,-78.83333
2710.46,6,6,316.8,61.79,72.39,12.91083,-78.83333
2751.56,6,6,282.7,56.83,66.16,12.91083,-78.83333
2772.86,6,6,386.5,72.23,85.42,12.91083,-78.83333
2778.72,6,6,401.3,74.48,88.22,12.91083,-78.83333
2781.41,6,6,298.8,59.15,69.09,12.91083,-78.83333
2795.49,6,6,297.4,58.95,68.83,12.91083,-78.83333
2918.77,6,6,224.1,48.65,55.76,12.91083,-78.83333
3000.57,6,6,336.8,64.74,76.1,12.91083,-78.83333
3073.92,6,6,247.5,51.85,59.85,12.91083,-78.83333
3081.38,6,6,393.6,73.31,86.76,12.91083,-78.83333
3104.91,6,6,231.9,49.71,57.11,12.91083,-78.83333
3155.92,6,6,215.7,47.52,54.31,12.91083,-78.83333
3218.57,6,6,224.9,48.76,55.9,12.91083,-78.83333
3239.16,6,6,313.4,61.29,71.77,12.91083,-78.83333
3259.14,6,6,234.5,50.06,57.57,12.91083,-78.83333
3321.59,6,6,256.6,53.12,61.47,12.91083,-78.83333
3403.24,6,6,237.8,50.51,58.15,12.91083,-78.83333
3406.73,6,6,233.5,49.92,57.39,12.91083,-78.83333
3471.47,6,6,274.6,55.67,64.69,12.91083,-78.83333
3542.53,6,6,312.3,61.12,71.56,12.91083,-78.83333
3590.77,6,6,265.2,54.33,63,12.91083,-78.83333
3716.06,6,6,292.8,58.28,67.99,12.91083,-78.83333
3792.18,6,6,270.5,55.08,63.96,12.91083,-78.83333
3870.13,6,6,390.9,72.9,86.25,12.91083,-78.83333
3961.07,6,6,277.5,56.08,65.22,12.91083,-78.83333
4036.18,6,6,317.4,61.87,72.5,12.91083,-78.83333
4117.13,6,6,376.7,70.74,83.57,12.91083,-78.83333
4580.3,6,6,407.7,75.46,89.44,12.91083,-78.83333
12280,,,190,36,36,-16.74,115.536
12720,,,223,42,41,-16.74,115.536
13250,,,244,47,46,-16.74,115.536
13480,,,243,47,46,-16.74,115.536
13720,,,240,46,45,-16.74,115.536
13830,,,257,50,49,-16.74,115.536
14170,,,268,54,52,-16.74,115.536
14310,,,272,52,51,-16.74,115.536
14800,,,374,82,76,-16.74,115.536
15040,,,332,75,69,-16.74,115.536
15560,,,298,59,57,-16.74,115.536
15870,,,392,92,84,-16.74,115.536
16380,,,225,43,42,-16.74,115.536
11800,,,247,46,46,-16.74,115.536
13600,,,232,43,43,-16.74,115.536
14940,,,346,65,63,-16.74,115.536
538.7,,,162.23,10.52,9.8,-28.53,2.85
541.8,,,281.48,20.62,18.85,-28.53,2.85
596.3,,,162.82,10.56,9.84,-28.53,2.85
620.4,,,169.25,11.05,10.28,-28.53,2.85
757.9,,,174.84,23.08,20.05,-28.53,2.85
819.4,,,152.2,9.78,9.13,-28.53,2.85
858.8,,,168.45,10.98,10.22,-28.53,2.85
944.5,,,183.29,12.11,11.25,-28.53,2.85
1820.4,,,249.66,17.62,16.2,-28.53,2.85
2736,,,273.81,53.28,42.73,-28.53,2.85
2887.2,,,481.26,47.78,41.82,-28.53,2.85
3214.5,,,423.48,35.82,32.04,-28.53,2.85
3659.4,,,356.76,31.77,28.37,-28.53,2.85
3887,,,506.94,46.49,41.04,-28.53,2.85
4099.5,,,379.77,30.62,27.59,-28.53,2.85
5185,,,432.59,57.42,48.43,-28.53,2.85
6350,,,331.84,29.02,26,-28.53,2.85
85,25,25,341,86,57,5.67167,172.51611
980,390,510,311,17,15,5.67167,172.51611
1490,190,40,295,47,40,5.67167,172.51611
3000,100,100,208,45,35,5.67167,172.51611
3310,190,210,248,15,9,5.67167,172.51611
3870,30,70,281,29,26,5.67167,172.51611
6000,1100,200,268,9,8,5.67167,172.51611
6200,900,400,305,46,40,5.67167,172.51611
9020,1180,1920,212,9,8,10.10056,162.86722
10390,10,190,236,23,21,10.10056,162.86722
11400,100,100,226,46,39,10.10056,162.86722
11810,790,310,260,32,22,5.67167,172.51611
13060,40,460,222,46,39,5.67167,172.51611
14730,170,130,137,33,25,5.67167,172.51611
14960,240,60,170,12,11,5.67167,172.51611
16230,70,30,303,62,56,5.67167,172.51611
16700,2300,100,236,34,28,10.10056,162.86722
18380,620,1780,217,6,6,10.10056,162.86722
19850,1950,850,217,44,39,10.10056,162.86722
21700,100,2700,226,41,37,10.10056,162.86722
23000,200,200,278,15,13,10.10056,162.86722
23510,190,310,435,52,43,10.10056,162.86722
40120,380,20,1004,423,275,18.55139,-179.64417
42520,1080,2020,342,101,78,18.55139,-179.64417
44260,1540,660,562,70,61,18.55139,-179.64417
45690,110,2090,1041,569,333,18.55139,-179.64417
46070,30,270,2446,232,196,18.55139,-179.64417
46970,2030,870,471,114,97,18.55139,-179.64417
50330,70,1330,844,58,52,18.55139,-179.64417
51020,1280,220,619,214,158,18.55139,-179.64417
52220,80,1420,3515,1105,595,18.55139,-179.64417
53240,760,940,1865,775,504,18.55139,-179.64417
55840,60,1140,2930,1162,709,18.55139,-179.64417
57120,380,20,2426,1282,690,18.55139,-179.64417
59880,120,680,3560,1070,630,18.55139,-179.64417
3.9,,,303.07,20,20,12.75,-78.73
4.6,,,264,20,20,12.75,-78.73
5,,,272,20,20,12.75,-78.73
7.8,,,264,20,20,12.75,-78.73
7.8,,,270,20,20,12.75,-78.73
9.5,,,272,20,20,12.75,-78.73
10.3,,,259,20,20,12.75,-78.73
11.7,,,268,20,20,12.75,-78.73
14,,,258,20,20,12.75,-78.73
15.1,,,258,20,20,12.75,-78.73
15.1,,,251,20,20,12.75,-78.73
17.3,,,251,20,20,12.75,-78.73
19.2,,,210,20,20,12.75,-78.73
21.1,,,235,20,20,12.75,-78.73
22.5,,,239,20,20,12.75,-78.73
24.8,,,223,20,20,12.75,-78.73
26.3,,,215,20,20,12.75,-78.73
26.3,,,212,20,20,12.75,-78.73
36.9,,,240,20,20,12.75,-78.73
47.1,,,235,20,20,12.75,-78.73
52.3,,,229,20,20,12.75,-78.73
61.4,,,234,20,20,12.75,-78.73
76.3,,,247,20,20,12.75,-78.73
83,,,245,20,20,12.75,-78.73
88.1,,,269,20,20,12.75,-78.73
99.6,,,271,20,20,12.75,-78.73
104.5,,,253,20,20,12.75,-78.73
114.2,,,279,20,20,12.75,-78.73
116.1,,,288,20,20,12.75,-78.73
119.1,,,293,20,20,12.75,-78.73
122.3,,,271,20,20,12.75,-78.73
131,,,286,20,20,12.75,-78.73
1384,,,213.86,23.95,23.95,4.7705,-20.927
1392.67,,,282.22,39.85,39.85,4.7705,-20.927
1397.33,,,271.21,31.4,31.4,4.7705,-20.927
1402,,,320.21,44.43,44.43,4.7705,-20.927
1408,,,326.84,64.84,64.84,4.7705,-20.927
1414,,,260.47,30.76,30.76,4.7705,-20.927
1420,,,200.75,27.33,27.33,4.7705,-20.927
1425.17,,,234.25,28.07,28.07,4.7705,-20.927
1430.33,,,225.77,30.66,30.66,4.7705,-20.927
1435.5,,,241.87,41.25,41.25,4.7705,-20.927
1440.67,,,284.89,35.72,35.72,4.7705,-20.927
1445.83,,,286.65,41.2,41.2,4.7705,-20.927
1451.03,,,256.45,49.55,49.55,4.7705,-20.927
1455.52,,,237.1,29.91,29.91,4.7705,-20.927
1459.38,,,260.68,31.91,31.91,4.7705,-20.927
1464.52,,,248.87,28.89,28.89,4.7705,-20.927
1473.51,,,278.52,32.22,32.22,4.7705,-20.927
1478.01,,,271.89,31.77,31.77,4.7705,-20.927
1482.5,,,226.54,24.89,24.89,4.7705,-20.927
1490,,,292.23,34.41,34.41,4.7705,-20.927
1493,,,214.55,24.14,24.14,4.7705,-20.927
1496.43,,,200.98,23.52,23.52,4.7705,-20.927
1499,,,223.78,22.98,22.98,4.7705,-20.927
1502.33,,,182.93,21.3,21.3,4.7705,-20.927
1505.67,,,249.08,28.67,28.67,4.7705,-20.927
1509,,,276.63,33.86,33.86,4.7705,-20.927
1512.33,,,223.24,26.66,26.66,4.7705,-20.927
1515.67,,,298.89,37.87,37.87,4.7705,-20.927
1519,,,277.93,34.93,34.93,4.7705,-20.927
1522.33,,,283.64,39.34,39.34,4.7705,-20.927
1525.67,,,305.94,36.16,36.16,4.7705,-20.927
1529,,,255.82,27.36,27.36,4.7705,-20.927
1535.67,,,295.54,36.86,36.86,4.7705,-20.927
3.6,,,263.26,30.29,30.29,4.77,-20.93
3.6,,,268.38,31.12,31.12,4.77,-20.93
14.6,,,241.99,26.8,26.8,4.77,-20.93
14.6,,,232.36,25.63,25.63,4.77,-20.93
20.4,,,178.77,20.38,20.38,4.77,-20.93
40.8,,,213.72,23.64,23.64,4.77,-20.93
70.6,,,242.25,27.33,27.33,4.77,-20.93
113.6,,,260.12,29.48,29.48,4.77,-20.93
123.2,,,303.17,35.89,35.89,4.77,-20.93
128.1,,,270.47,30.69,30.69,4.77,-20.93
136.8,,,197.65,22.02,22.02,4.77,-20.93
138.6,,,177.22,20.42,20.42,4.77,-20.93
329.1,,,296.87,36.16,36.16,4.77,-20.93
358.5,,,212.41,23.57,23.57,4.77,-20.93
366.9,,,224.23,24.89,24.89,4.77,-20.93
386.4,,,251.42,28.37,28.37,4.77,-20.93
409.1,,,296.98,35.37,35.37,4.77,-20.93
418.8,,,274.77,31.73,31.73,4.77,-20.93
541.6,,,244.39,27.44,27.44,4.77,-20.93
616.3,,,249.8,28.01,28.01,4.77,-20.93
651,,,174.36,20.37,20.37,4.77,-20.93
662.1,,,198.75,22.33,22.33,4.77,-20.93
675,,,216.55,24.12,24.12,4.77,-20.93
702.2,,,252.97,28.36,28.36,4.77,-20.93
703.5,,,263.35,29.9,29.9,4.77,-20.93
731,,,223.8,24.93,24.93,4.77,-20.93
752.4,,,208.84,23.37,23.37,4.77,-20.93
891.9,,,202.01,22.8,22.8,4.77,-20.93
950,,,281.67,33.36,33.36,4.77,-20.93
952.8,,,304.68,37.03,37.03,4.77,-20.93
1072.8,,,293.26,35.54,35.54,4.77,-20.93
1078.9,,,258.1,29.73,29.73,4.77,-20.93
1168.3,,,265.48,30.97,30.97,4.77,-20.93
1192.4,,,213.02,24.2,24.2,4.77,-20.93
1212.5,,,226.41,26.4,26.4,4.77,-20.93
1233.3,,,247.23,28.53,28.53,4.77,-20.93
1238.7,,,270.7,31.31,31.31,4.77,-20.93
1253,,,204.31,23.35,23.35,4.77,-20.93
1261.7,,,241.02,28.43,28.43,4.77,-20.93
1351.57,,,285.22,34.34,34.34,4.77,-20.93
1380.31,,,219.77,24.1,24.1,4.77,-20.93
1487,,,257.44,30.11,30.11,4.77,-20.93
1499,,,225.28,25.79,25.79,4.77,-20.93
1539,,,225.68,26.08,26.08,4.77,-20.93
1541.3,,,227.89,27.05,27.05,4.77,-20.93
1542.3,,,279.09,33.88,33.88,4.77,-20.93
1574.1,,,276.96,34.03,34.03,4.77,-20.93
1577.4,,,215.33,24.95,24.95,4.77,-20.93
1616,,,301.08,35.47,35.47,4.77,-20.93
1648.7,,,198.31,22.99,22.99,4.77,-20.93
1659.5,,,192.55,22.71,22.71,4.77,-20.93
1698.5,,,290.91,36.13,36.13,4.77,-20.93
1753.1,,,286.95,35.9,35.9,4.77,-20.93
1779.6,,,224.59,26,26,4.77,-20.93
1975.13,,,202.27,33,33,12.91083,-78.83333
2026.54,,,234.26,38.29,38.29,12.91083,-78.83333
2078.09,,,215.4,36.71,36.71,12.91083,-78.83333
2161.01,,,201.49,34.41,34.41,12.91083,-78.83333
2166.04,,,309.39,53.2,53.2,12.91083,-78.83333
2201.94,,,318.13,54.27,54.27,12.91083,-78.83333
2304.67,,,210.41,36.04,36.04,12.91083,-78.83333
2502.94,,,289.4,50.43,50.43,12.91083,-78.83333
2558.58,,,242.73,47.33,47.33,12.91083,-78.83333
2600.86,,,201.45,34.08,34.08,12.91083,-78.83333
2685.47,,,195.32,37.13,37.13,12.91083,-78.83333
2702.22,,,278.67,51.27,51.27,12.91083,-78.83333
2705.51,,,268,46.71,46.71,12.91083,-78.83333
2708.11,,,223.88,39.37,39.37,12.91083,-78.83333
2710.46,,,287.62,94.33,94.33,12.91083,-78.83333
2751.56,,,251.2,42.74,42.74,12.91083,-78.83333
2772.86,,,292.88,52.66,52.66,12.91083,-78.83333
2778.72,,,333.06,63.17,63.17,12.91083,-78.83333
2781.41,,,274.7,47.68,47.68,12.91083,-78.83333
2795.49,,,264.04,47.39,47.39,12.91083,-78.83333
2918.77,,,221.41,41.04,41.04,12.91083,-78.83333
3000.57,,,301.4,55.31,55.31,12.91083,-78.83333
3073.92,,,246.27,44.51,44.51,12.91083,-78.83333
3081.38,,,325.27,63.02,63.02,12.91083,-78.83333
3104.91,,,251.69,42.24,42.24,12.91083,-78.83333
3155.92,,,225.89,48.09,48.09,12.91083,-78.83333
3218.57,,,223.05,43.45,43.45,12.91083,-78.83333
3239.16,,,270.93,48.04,48.04,12.91083,-78.83333
3259.14,,,223.41,43.7,43.7,12.91083,-78.83333
3321.59,,,250.15,46.14,46.14,12.91083,-78.83333
3403.24,,,244.71,43.32,43.32,12.91083,-78.83333
3406.73,,,244.43,48.36,48.36,12.91083,-78.83333
3471.47,,,264.78,49.48,49.48,12.91083,-78.83333
3542.53,,,282.46,57.23,57.23,12.91083,-78.83333
3590.77,,,264.39,49.71,49.71,12.91083,-78.83333
3716.06,,,283.01,53.96,53.96,12.91083,-78.83333
3792.18,,,260.09,52.22,52.22,12.91083,-78.83333
3870.13,,,340.09,69.57,69.57,12.91083,-78.83333
3961.07,,,278.8,54,54,12.91083,-78.83333
4036.18,,,286.22,56.8,56.8,12.91083,-78.83333
4117.13,,,330.34,72.75,72.75,12.91083,-78.83333
4580.3,,,355.57,76.8,76.8,12.91083,-78.83333
2337.82,,,323.07,50.26,50.26,12.91083,-78.83333
2346.71,,,322.89,65.25,65.25,12.91083,-78.83333
2352.72,,,315.04,49.91,49.91,12.91083,-78.83333
2372.2,,,421.38,74.41,74.41,12.91083,-78.83333
2381.29,,,377.94,66.87,66.87,12.91083,-78.83333
2389.32,,,384.56,60.93,60.93,12.91083,-78.83333
2410.92,,,284.49,43.31,43.31,12.91083,-78.83333
2424.89,,,342.68,54.58,54.58,12.91083,-78.83333
2451.23,,,328.63,49.66,49.66,12.91083,-78.83333
2474.49,,,350.9,56.13,56.13,12.91083,-78.83333
2500.4,,,366.56,62.15,62.15,12.91083,-78.83333
2501.4,,,371.83,59.56,59.56,12.91083,-78.83333
2521.93,,,256.19,39.48,39.48,12.91083,-78.83333
2545.15,,,343.36,55.24,55.24,12.91083,-78.83333
2561.9,,,307.5,47.06,47.06,12.91083,-78.83333
2579.43,,,338.08,51.73,51.73,12.91083,-78.83333
2594.84,,,373.79,67.31,67.31,12.91083,-78.83333
2615.07,,,287.11,44.39,44.39,12.91083,-78.83333
2624.5,,,313.39,50.84,50.84,12.91083,-78.83333
2630.91,,,253.28,44.3,44.3,12.91083,-78.83333
2648.26,,,291.37,44.92,44.92,12.91083,-78.83333
2664.7,,,310.78,50.53,50.53,12.91083,-78.83333
2673.02,,,270.56,47.18,47.18,12.91083,-78.83333
2680.36,,,333.59,54.26,54.26,12.91083,-78.83333
2686.56,,,294.77,48.26,48.26,12.91083,-78.83333
2695.16,,,285.29,44.28,44.28,12.91083,-78.83333
2700.04,,,242.5,57.88,57.88,12.91083,-78.83333
2703.2,,,329.6,56.75,56.75,12.91083,-78.83333
2707.21,,,272.13,42.43,42.43,12.91083,-78.83333
2745.52,,,349.19,57.09,57.09,12.91083,-78.83333
2751.48,,,330.48,60.56,60.56,12.91083,-78.83333
2764.19,,,368.5,63.46,63.46,12.91083,-78.83333
2777.48,,,288.15,45.1,45.1,12.91083,-78.83333
2798.54,,,291.7,48.19,48.19,12.91083,-78.83333
2830.18,,,328.18,54,54,12.91083,-78.83333
2831.68,,,372.83,94.74,94.74,12.91083,-78.83333
2838.9,,,400.9,69.38,69.38,12.91083,-78.83333
2849.18,,,317.96,55.39,55.39,12.91083,-78.83333
2858.32,,,459.5,93.19,93.19,12.91083,-78.83333
2912.38,,,383.22,66.57,66.57,12.91083,-78.83333
2923.56,,,390.27,71.45,71.45,12.91083,-78.83333
2941.58,,,349.39,54.96,54.96,12.91083,-78.83333
2950.49,,,370.51,64.7,64.7,12.91083,-78.83333
2951.16,,,433.94,108.93,108.93,12.91083,-78.83333
2959.6,,,359.02,56.36,56.36,12.91083,-78.83333
2978.07,,,341.56,56.75,56.75,12.91083,-78.83333
3002.81,,,383.47,66.95,66.95,12.91083,-78.83333
3011,,,371.06,64.97,64.97,12.91083,-78.83333
3027.58,,,396.19,69.25,69.25,12.91083,-78.83333
3042.66,,,436.07,89.26,89.26,12.91083,-78.83333
3050.02,,,434.53,79.99,79.99,12.91083,-78.83333
3059.03,,,374.99,77.41,77.41,12.91083,-78.83333
3062.96,,,429.61,83.53,83.53,12.91083,-78.83333
3066.54,,,395.44,73.4,73.4,12.91083,-78.83333
3091.18,,,348.38,61.3,61.3,12.91083,-78.83333
3100.18,,,333.78,55.84,55.84,12.91083,-78.83333
3114.24,,,408.87,75.96,75.96,12.91083,-78.83333
3133.15,,,360.17,70.88,70.88,12.91083,-78.83333
3143.17,,,348.65,68.73,68.73,12.91083,-78.83333
3151.9,,,418.04,159.33,159.33,12.91083,-78.83333
3157.94,,,355.21,63.09,63.09,12.91083,-78.83333
3171.55,,,472.08,97.28,97.28,12.91083,-78.83333
3179.79,,,398.71,66.99,66.99,12.91083,-78.83333
3189.19,,,296.58,47.63,47.63,12.91083,-78.83333
3198.73,,,346.11,61.48,61.48,12.91083,-78.83333
3209.38,,,341.93,64.06,64.06,12.91083,-78.83333
3224.6,,,393.61,77.38,77.38,12.91083,-78.83333
3239.89,,,443.43,135.91,135.91,12.91083,-78.83333
3242.93,,,371.05,66,66,12.91083,-78.83333
3245.81,,,332.38,56.21,56.21,12.91083,-78.83333
3259.58,,,365.05,84.69,84.69,12.91083,-78.83333
3270.17,,,382.37,98.67,98.67,12.91083,-78.83333
3280.6,,,329,58.73,58.73,12.91083,-78.83333
3.9,,,282.68,40.93,40.93,12.91083,-78.83333
456.3,,,334.31,48.38,48.38,12.91083,-78.83333
900,,,312.84,45.37,45.37,12.91083,-78.83333
1500,,,292.11,43.25,43.25,12.91083,-78.83333
2109,,,308.46,51.3,51.3,12.91083,-78.83333
2592,,,284.38,49.06,49.06,12.91083,-78.83333
2785,,,356.05,62.13,62.13,12.91083,-78.83333
2889.52,,,525.1,113.4,113.4,12.91083,-78.83333
2985,,,531.04,115.79,115.79,12.91083,-78.83333
3049.9,,,577.6,136.29,136.29,12.91083,-78.83333
3172,,,413.58,78.08,78.08,12.91083,-78.83333
3495.9,,,470.21,97.1,97.1,12.91083,-78.83333
3.91,2,2,264.56,48.56,48.56,12.91083,-78.83333
4.63,2,2,253.28,36.91,36.91,12.91083,-78.83333
5.02,2,2,273.31,45.95,45.95,12.91083,-78.83333
7.82,2,2,249.12,46.38,46.38,12.91083,-78.83333
7.82,2,2,259.89,55.69,55.69,12.91083,-78.83333
9.49,2,2,259.1,47.65,47.65,12.91083,-78.83333
10.32,2,2,233.01,54.31,54.31,12.91083,-78.83333
11.65,2,2,251.75,50.21,50.21,12.91083,-78.83333
14.01,2,2,231.32,44.04,44.04,12.91083,-78.83333
15.07,2,2,228.76,43.81,43.81,12.91083,-78.83333
15.07,2,2,216.65,45.4,45.4,12.91083,-78.83333
17.26,2,2,222.06,39.81,39.81,12.91083,-78.83333
19.19,2,2,162.95,38.89,38.89,12.91083,-78.83333
21.12,2,2,199.9,35.11,35.11,12.91083,-78.83333
22.61,2,2,202.61,38.16,38.16,12.91083,-78.83333
24.38,2,2,180.8,34.43,34.43,12.91083,-78.83333
25.51,2,2,172,44.25,44.25,12.91083,-78.83333
25.51,2,2,167.07,35.43,35.43,12.91083,-78.83333
35.82,2,2,212.35,41.5,41.5,12.91083,-78.83333
46.61,2,2,207.1,38.17,38.17,12.91083,-78.83333
52.14,2,2,197.48,42.54,42.54,12.91083,-78.83333
61.28,2,2,198.65,54.27,54.27,12.91083,-78.83333
77.3,2,2,233.58,47.32,47.32,12.91083,-78.83333
84.33,2,2,234.98,58.27,58.27,12.91083,-78.83333
89.11,2,2,260.56,51.77,51.77,12.91083,-78.83333
100.36,2,2,270.53,62.07,62.07,12.91083,-78.83333
106.12,2,2,249.31,53.62,53.62,12.91083,-78.83333
111.32,2,2,294.64,39.17,39.17,12.91083,-78.83333
116.82,2,2,303.04,86.11,86.11,12.91083,-78.83333
118.81,2,2,319.5,91.39,91.39,12.91083,-78.83333
119.06,2,2,311.64,46.59,46.59,12.91083,-78.83333
121.79,2,2,330.07,66.55,66.55,12.91083,-78.83333
123.77,2,2,260.6,51.94,51.94,12.91083,-78.83333
124.37,2,2,291.79,36.34,36.34,12.91083,-78.83333
127.48,2,2,283.64,38.89,38.89,12.91083,-78.83333
130.86,2,2,281.03,78.18,78.18,12.91083,-78.83333
131.91,2,2,261.03,36.98,36.98,12.91083,-78.83333
133.22,2,2,251,36.02,36.02,12.91083,-78.83333
134,2,2,222.15,36.54,36.54,12.91083,-78.83333
135.57,2,2,222.6,35.83,35.83,12.91083,-78.83333
138.97,2,2,222.05,34.81,34.81,12.91083,-78.83333
146.69,2,2,229.44,35.57,35.57,12.91083,-78.83333
150.04,2,2,221.38,34.89,34.89,12.91083,-78.83333
169.76,2,2,219.83,34.83,34.83,12.91083,-78.83333
179.94,2,2,218.52,33.83,33.83,12.91083,-78.83333
184.37,2,2,228.74,35.29,35.29,12.91083,-78.83333
190.01,2,2,236,33.76,33.76,12.91083,-78.83333
191.68,2,2,235.53,34.1,34.1,12.91083,-78.83333
198.07,2,2,260.62,33.64,33.64,12.91083,-78.83333
211.57,2,2,291.69,39.75,39.75,12.91083,-78.83333
220.44,2,2,276.98,35.61,35.61,12.91083,-78.83333
223.66,2,2,276.89,41.8,41.8,12.91083,-78.83333
227.1,2,2,248.75,36.21,36.21,12.91083,-78.83333
235.76,2,2,275.28,39.02,39.02,12.91083,-78.83333
239.48,2,2,254.64,35.11,35.11,12.91083,-78.83333
242.9,2,2,292.99,41.88,41.88,12.91083,-78.83333
247.18,2,2,279.67,37.35,37.35,12.91083,-78.83333
250.07,2,2,239.57,35.13,35.13,12.91083,-78.83333
257.84,2,2,249.37,33.81,33.81,12.91083,-78.83333
1087.26,2,2,243.98,33.09,33.09,12.91083,-78.83333
1088.69,2,2,271.93,35.49,35.49,12.91083,-78.83333
1090.03,2,2,233.55,31.65,31.65,12.91083,-78.83333
1092.67,2,2,253.57,34.52,34.52,12.91083,-78.83333
1094.71,2,2,263.76,36.98,36.98,12.91083,-78.83333
1099.46,2,2,343.51,44.57,44.57,12.91083,-78.83333
1102.42,2,2,320.33,40.87,40.87,12.91083,-78.83333
1103.16,2,2,330.27,52.82,52.82,12.91083,-78.83333
1106.2,2,2,257.95,31.86,31.86,12.91083,-78.83333
1107.82,2,2,276.83,36.29,36.29,12.91083,-78.83333
1110.3,2,2,299.34,37.49,37.49,12.91083,-78.83333
1112.8,2,2,258.5,35.04,35.04,12.91083,-78.83333
1115.26,2,2,239.51,33.74,33.74,12.91083,-78.83333
1117.86,2,2,225.64,31.39,31.39,12.91083,-78.83333
1120.36,2,2,263.28,32.94,32.94,12.91083,-78.83333
1123.09,2,2,215.15,31.58,31.58,12.91083,-78.83333
1126.06,2,2,264.53,36.26,36.26,12.91083,-78.83333
1127.81,2,2,263.24,36.6,36.6,12.91083,-78.83333
1130.97,2,2,268.16,33.05,33.05,12.91083,-78.83333
1136.57,2,2,316.23,36.75,36.75,12.91083,-78.83333
1140.03,2,2,333.07,43.94,43.94,12.91083,-78.83333
1143.23,2,2,302.22,43.99,43.99,12.91083,-78.83333
1145.33,2,2,321.85,45.68,45.68,12.91083,-78.83333
1148.9,2,2,339.23,64.49,64.49,12.91083,-78.83333
1150.94,2,2,283.35,40.52,40.52,12.91083,-78.83333
1154.09,2,2,266.89,36.99,36.99,12.91083,-78.83333
1157.77,2,2,325.11,44.75,44.75,12.91083,-78.83333
1160.73,2,2,335.36,47.17,47.17,12.91083,-78.83333
1162.85,2,2,295.05,37.87,37.87,12.91083,-78.83333
1169.86,2,2,305.23,36.12,36.12,12.91083,-78.83333
1177.57,2,2,293.61,36.2,36.2,12.91083,-78.83333
1179.66,2,2,282.18,36.75,36.75,12.91083,-78.83333
1181.75,2,2,247.29,31.4,31.4,12.91083,-78.83333
1184.06,2,2,240.35,32.29,32.29,12.91083,-78.83333
1185.97,2,2,274.23,35.85,35.85,12.91083,-78.83333
1188.07,2,2,284.75,36.1,36.1,12.91083,-78.83333
1191.31,2,2,230.23,30.35,30.35,12.91083,-78.83333
1195.15,2,2,223.04,31.21,31.21,12.91083,-78.83333
1203.26,2,2,207.02,30.24,30.24,12.91083,-78.83333
1206.76,2,2,232.21,30.87,30.87,12.91083,-78.83333
1209.99,2,2,255.44,33.36,33.36,12.91083,-78.83333
1214.48,2,2,309.8,38.45,38.45,12.91083,-78.83333
1216.42,2,2,291.69,39.82,39.82,12.91083,-78.83333
1218.54,2,2,322.27,45.13,45.13,12.91083,-78.83333
1224.18,2,2,268.8,38.45,38.45,12.91083,-78.83333
1227.17,2,2,287.51,38.72,38.72,12.91083,-78.83333
1230.72,2,2,332.78,49.78,49.78,12.91083,-78.83333
1233.9,2,2,312.73,41.66,41.66,12.91083,-78.83333
1236.18,2,2,275.39,34.27,34.27,12.91083,-78.83333
1239.83,2,2,281.84,37.74,37.74,12.91083,-78.83333
1243.25,2,2,308.05,36.13,36.13,12.91083,-78.83333
4935.72,250,250,312.13,94.2,90.9,3.72125,-42.91329
4976.91,250,250,327.15,101.01,97.31,3.72125,-42.91329
4998.53,250,250,319.94,98.44,92.74,3.72125,-42.91329
5052.34,250,250,319.36,97.01,93.71,3.72125,-42.91329
5057.68,250,250,391.88,118.32,115.38,3.72125,-42.91329
5119.58,250,250,366.36,112.95,108.25,3.72125,-42.91329
5168.89,250,250,310.38,93.66,91.06,3.72125,-42.91329
5179.47,250,250,298.28,91.72,89.26,3.72125,-42.91329
5199.15,250,250,332.17,100.69,97.63,3.72125,-42.91329
5234.13,250,250,307.05,95.27,90.88,3.72125,-42.91329
5272.4,250,250,382.4,116.88,112.58,3.72125,-42.91329
5305.5,250,250,290.51,89.83,86.97,3.72125,-42.91329
5358.76,250,250,332.84,100.96,98.68,3.72125,-42.91329
5381.93,250,250,351.4,105.49,101.33,3.72125,-42.91329
5416.84,250,250,299.97,93.2,89.71,3.72125,-42.91329
5452.01,250,250,370.86,113.24,106.88,3.72125,-42.91329
5494.03,250,250,344.07,106.33,101.47,3.72125,-42.91329
5536.67,250,250,328.73,102.08,96.37,3.72125,-42.91329
5579.56,250,250,400.79,121.38,117.15,3.72125,-42.91329
5601.56,250,250,299.25,92.93,88.43,3.72125,-42.91329
5654.11,250,250,372.21,116.84,108.01,3.72125,-42.91329
5708.16,250,250,297.46,91.75,88.69,3.72125,-42.91329
5714.84,250,250,302.06,94.21,87.61,3.72125,-42.91329
5765.99,250,250,409.44,124.43,118.35,3.72125,-42.91329
5807.4,250,250,294.7,93.31,87.98,3.72125,-42.91329
5852.19,250,250,283.05,86.69,84.65,3.72125,-42.91329
5892.7,250,250,280.78,86.92,83.3,3.72125,-42.91329
5971.38,250,250,302.78,91.8,91.37,3.72125,-42.91329
6018.5,250,250,373.58,112.06,110.51,3.72125,-42.91329
6061.46,250,250,345.34,105.48,102.26,3.72125,-42.91329
6102.94,250,250,359.41,109.48,105.77,3.72125,-42.91329
6229.33,250,250,413.74,131.14,121.27,3.72125,-42.91329
6291.76,250,250,328.79,101.81,96.85,3.72125,-42.91329
6298.89,250,250,381.47,119.01,114.33,3.72125,-42.91329
6346.43,250,250,376.37,124.96,113.93,3.72125,-42.91329
6385.08,250,250,309.75,97.87,92.7,3.72125,-42.91329
6456.97,250,250,384.17,118.62,112.45,3.72125,-42.91329
6504.65,250,250,320.68,101.33,94.92,3.72125,-42.91329
6563.48,250,250,378.13,117.45,111.53,3.72125,-42.91329
6588.43,250,250,327.76,100.54,95.14,3.72125,-42.91329
6604.6,250,250,434.23,133.64,124.05,3.72125,-42.91329
6632.52,250,250,378.8,114.35,109.34,3.72125,-42.91329
6772.37,250,250,408.27,121.87,117.09,3.72125,-42.91329
6787.53,250,250,333.75,101.66,99.67,3.72125,-42.91329
6930.86,250,250,390.27,190.28,146.1,3.72125,-42.91329